845,10,21
4,5,31
5,6,20
8,21,7
9,845,21
1,2,12
3,17,2
3,13,17
4,25,13
4,31,25
5,18,31
5,19,18
5,20,19
6,7,20
21,10,33
33,10,22
10,11,22
22,11,23
34,14,35
12,2,24
26,21,33
13,37,17
13,25,37
20,7,32
7,21,26
22,23,27
2,30,24
2,17,30
7,26,32
32,26,33
22,27,57
35,43,42
15,28,58
16,12,29
25,38,37
18,40,31
19,50,18
20,41,19
20,32,41
33,22,57
23,34,27
34,35,42
64,52,15
28,36,51
37,38,17
25,31,38
32,33,41
27,34,71
12,24,47
17,38,48
31,49,38
31,39,49
31,40,39
18,50,40
19,41,50
41,33,50
50,33,57
57,27,61
61,27,71
34,42,71
42,43,52
64,15,58
12,53,29
12,47,53
42,52,71
58,28,76
76,28,51
45,29,44
24,30,56
30,17,56
48,63,17
40,54,39
61,71,79
71,52,72
52,64,72
76,51,80
29,59,44
29,46,59
29,53,46
24,56,47
17,63,56
48,38,63
40,50,54
44,59,55
49,60,38
39,54,60
50,57,54
64,58,76
80,51,97
53,47,67
54,57,60
61,70,57
70,61,79
81,80,97
55,59,65
53,66,46
53,67,66
47,56,67
56,63,68
38,69,63
39,60,49
57,70,60
89,71,72
89,72,73
72,64,73
73,64,76
55,65,62
46,66,59
56,75,67
38,78,69
38,60,78
79,71,89
59,86,65
63,69,84
73,76,85
76,80,85
59,87,86
59,66,87
67,75,66
56,88,75
56,68,88
63,84,68
60,70,89
70,79,89
85,80,96
80,81,96
62,90,74
66,75,87
75,88,83
78,91,69
60,89,78
92,89,101
89,96,101
89,73,96
62,65,90
75,83,87
68,84,99
69,91,108
78,89,91
91,89,92
85,96,73
96,81,116
110,97,77
74,98,82
65,86,115
86,87,107
68,99,88
91,92,94
110,77,95
95,77,102
102,77,103
74,90,98
90,65,98
94,92,101
116,81,97
69,100,84
69,108,100
101,96,109
109,96,121
96,116,121
116,97,110
93,105,104
82,105,93
98,106,82
65,115,98
115,86,107
83,111,87
83,88,111
88,99,112
84,100,99
94,101,109
127,116,110
110,95,127
95,102,127
82,106,105
87,111,107
88,112,111
108,91,113
94,109,91
121,116,135
131,127,102
100,112,99
108,113,100
91,109,113
104,105,114
115,106,98
115,107,119
111,120,107
100,113,112
113,109,134
134,109,124
109,121,124
116,127,135
131,102,103
103,117,122
105,139,114
105,106,139
115,129,106
115,119,129
107,123,119
107,120,123
120,112,113
135,127,125
131,103,141
111,112,120
134,124,121
135,125,140
127,126,125
126,127,131
122,132,103
106,128,144
106,129,128
123,120,133
133,120,151
120,113,151
151,113,134
134,121,130
130,121,135
140,125,136
103,132,137
118,114,150
106,144,139
128,129,144
129,119,158
134,130,145
125,126,136
126,131,136
136,131,141
103,137,141
186,114,139
161,139,144
144,129,158
158,119,167
192,119,123
151,134,145
130,135,140
140,136,146
136,141,155
137,132,148
150,114,186
186,139,161
167,119,192
145,130,140
141,142,147
141,137,142
123,133,151
140,146,152
146,155,153
146,136,155
155,141,154
141,147,154
137,143,142
137,148,143
148,156,143
148,149,156
123,151,169
170,151,162
151,145,162
145,140,164
140,152,164
152,159,164
146,153,152
186,161,157
166,161,144
166,144,158
192,123,168
174,123,169
169,151,170
159,152,153
143,156,142
1237,150,186
166,158,167
168,123,174
162,145,163
153,155,179
155,154,160
154,147,173
156,149,142
170,162,205
145,164,163
179,155,172
155,160,172
147,142,173
157,161,187
187,161,166
194,166,167
194,167,192
192,168,174
164,177,163
153,165,159
153,179,165
160,154,172
142,149,182
170,205,195
162,183,205
162,163,183
163,176,175
164,171,177
164,159,171
165,190,159
165,179,190
154,180,172
154,173,180
173,142,181
142,182,181
186,157,187
187,166,194
192,174,208
163,184,183
172,185,179
172,180,185
173,181,191
169,170,204
205,183,193
163,188,184
163,175,188
163,177,176
171,159,189
179,201,190
179,178,201
179,185,178
186,187,1229
203,187,194
194,192,214
214,192,208
204,170,195
183,188,196
183,184,188
177,171,176
173,191,180
1229,187,203
174,169,204
183,196,193
175,197,188
175,176,197
176,171,200
159,190,189
178,185,201
185,180,198
180,199,198
180,191,199
203,194,214
215,204,195
209,195,205
193,196,226
185,198,201
208,174,204
205,193,209
196,206,226
188,197,227
176,200,207
171,189,200
220,203,214
236,214,208
215,195,225
225,195,209
226,206,248
197,176,227
190,201,189
201,198,216
198,199,218
213,203,220
208,204,224
224,204,215
188,227,196
227,176,210
176,207,210
200,211,207
189,211,200
189,201,211
216,198,217
199,212,218
220,214,236
236,208,230
225,209,231
237,193,226
226,248,238
206,196,221
201,216,211
198,218,217
230,208,224
224,215,225
209,193,237
237,226,238
248,206,245
227,229,228
227,210,229
207,211,210
216,217,211
218,222,217
218,223,222
218,219,223
231,209,232
232,209,252
206,221,245
211,241,210
211,217,222
256,224,225
248,245,239
196,233,221
196,227,233
227,228,240
210,234,229
211,235,241
211,222,235
236,230,244
256,225,231
231,232,252
252,209,237
253,238,248
221,233,245
1160,236,244
244,230,251
230,224,251
251,224,256
252,237,276
237,238,253
248,239,264
210,241,234
222,246,235
222,242,246
245,233,254
227,240,233
241,247,234
235,247,241
269,252,276
276,237,253
245,249,239
229,234,228
235,246,247
261,231,262
262,231,252
262,252,269
253,248,263
264,239,278
239,249,266
245,266,249
245,258,266
245,254,258
233,240,254
228,234,240
234,247,260
244,251,256
276,253,277
247,246,255
256,231,275
275,231,261
263,248,264
278,257,265
278,239,257
240,234,259
247,267,260
244,256,268
277,253,263
263,264,290
239,266,257
254,240,258
247,255,267
283,262,269
284,269,285
286,276,277
290,264,278
265,279,278
240,281,258
259,271,240
234,271,259
260,272,234
268,256,274
261,262,283
283,269,284
278,270,291
278,279,270
266,292,257
258,280,266
258,281,280
240,271,281
234,1573,271
234,272,1573
260,267,273
274,256,1988
256,275,1988
275,261,282
285,269,1882
269,276,1882
1882,276,286
287,277,288
277,263,1829
289,263,290
290,278,1800
1800,278,291
266,1625,292
266,280,1625
15,302,28
1062,297,298
28,302,303
293,294,15
300,304,299
28,303,323
15,294,302
298,314,1062
299,316,298
321,301,305
28,323,313
295,308,294
298,316,314
299,304,320
320,304,309
309,304,310
304,301,310
310,301,321
321,305,337
317,306,318
307,312,318
294,308,302
308,295,319
295,296,315
296,1062,315
1062,314,315
314,316,315
299,320,316
305,324,337
305,317,324
318,311,322
28,313,36
308,319,302
319,295,315
309,310,320
317,318,324
318,312,311
312,331,311
303,302,323
315,325,335
310,337,336
310,321,337
318,322,324
322,311,331
313,323,36
319,334,302
319,315,334
315,316,325
316,320,325
325,320,326
320,310,336
324,322,361
322,331,327
51,36,328
36,323,328
302,333,323
302,334,333
315,335,334
325,329,359
325,326,329
337,324,338
361,322,346
322,330,346
322,327,330
323,332,328
325,359,344
326,336,329
320,336,326
345,338,324
327,331,330
330,331,339
328,343,51
332,347,328
323,333,341
333,334,355
359,329,342
336,337,349
337,338,345
345,324,361
361,346,369
330,339,357
51,340,97
51,343,340
328,347,343
334,335,355
355,335,344
335,325,344
329,336,342
342,336,348
348,336,349
330,357,353
97,340,350
323,341,332
341,333,332
332,333,355
359,342,352
349,337,348
337,345,348
369,346,353
346,330,353
343,350,340
347,350,343
355,344,351
357,339,354
97,380,77
97,350,380
355,356,332
344,359,351
370,353,357
77,380,368
347,332,365
355,351,358
359,352,360
342,362,352
342,348,362
348,345,362
345,361,367
357,354,370
350,372,380
347,372,350
356,366,332
355,358,356
359,360,382
352,362,360
362,345,367
369,353,370
370,354,363
371,354,364
347,365,372
332,366,365
351,359,358
358,359,382
382,360,377
361,369,367
354,371,363
77,368,375
365,366,376
362,367,369
369,370,362
363,371,388
77,375,103
368,380,375
365,376,372
376,366,382
356,358,382
382,377,391
360,362,378
362,370,363
388,371,379
103,375,117
380,372,395
372,376,373
366,356,382
391,377,392
360,378,377
374,388,379
117,375,395
375,380,395
373,376,396
392,377,402
377,378,402
378,362,383
362,363,383
383,363,388
399,388,374
379,384,374
379,393,384
117,395,389
395,372,381
372,396,381
372,373,396
376,391,386
376,382,391
378,383,402
383,388,387
393,385,394
376,397,396
376,390,397
376,386,390
383,387,399
387,388,399
399,374,405
384,393,374
117,389,122
395,381,415
396,397,430
391,392,386
386,392,402
402,383,398
404,383,399
374,400,405
393,406,374
393,394,406
381,396,412
403,402,408
402,398,408
398,383,404
404,399,421
374,406,400
394,401,407
389,395,122
381,412,415
396,430,412
402,403,386
398,414,408
398,404,409
399,422,421
399,405,422
405,400,410
406,394,418
394,407,418
122,148,132
122,411,148
395,415,122
386,403,390
403,408,390
408,414,413
398,409,414
405,410,422
400,406,418
411,122,415
415,412,424
412,430,416
397,431,430
397,390,431
431,390,432
404,417,409
443,422,438
422,410,438
400,418,410
148,411,415
419,415,420
430,431,440
390,408,433
408,413,433
414,409,413
148,415,419
415,424,420
412,429,424
412,416,429
416,430,429
421,425,404
421,422,425
425,422,437
437,422,443
418,423,426
409,417,413
404,425,417
418,426,410
148,419,434
419,420,427
420,424,446
424,435,428
424,429,435
429,430,435
435,430,440
440,431,432
390,436,432
413,447,433
447,413,442
413,417,442
417,425,437
449,443,444
438,410,439
149,148,453
434,419,427
420,446,427
424,428,446
436,390,433
448,437,443
443,438,444
439,410,456
148,434,453
435,440,428
440,468,428
436,433,432
432,433,457
433,447,457
447,441,475
447,442,441
442,417,454
437,448,417
438,439,444
439,456,444
410,445,456
453,434,427
427,446,474
468,440,451
440,432,451
457,447,462
462,447,475
417,448,454
448,443,454
443,449,454
444,450,449
444,456,452
453,427,182
460,428,468
451,432,457
475,441,458
464,442,454
444,452,450
149,453,182
468,457,461
468,451,457
458,441,464
441,442,464
454,449,455
449,450,455
182,427,474
479,446,428
428,460,492
468,461,469
454,455,471
466,455,459
455,450,459
452,456,450
474,446,479
461,457,462
458,464,463
464,454,465
450,472,478
450,456,472
456,467,472
479,428,492
492,460,480
460,468,480
461,462,469
470,462,475
458,463,475
465,454,471
471,455,466
459,450,477
478,483,450
182,474,181
181,474,473
462,470,469
475,463,485
471,476,465
471,466,476
459,477,466
450,482,477
450,483,482
181,473,191
473,474,479
191,479,492
468,469,480
469,488,480
470,475,469
469,475,484
465,481,464
466,477,482
472,2311,478
472,2297,2311
473,479,191
509,480,488
488,484,489
488,469,484
489,484,503
463,464,485
476,495,465
466,486,476
466,482,486
492,480,212
503,494,493
503,484,494
475,485,494
485,464,481
481,465,495
482,487,490
487,482,483
483,478,491
502,488,497
504,503,493
484,475,494
485,481,494
486,498,476
486,499,498
486,482,499
191,492,199
212,480,509
510,488,502
488,489,521
481,495,506
506,495,513
500,495,496
487,483,490
483,516,490
483,491,516
199,492,212
497,488,521
494,512,493
494,481,512
513,495,500
496,495,501
476,498,495
482,490,499
508,212,509
508,509,488
521,489,532
489,503,511
522,504,493
481,505,512
513,500,496
496,519,507
496,514,519
496,501,514
501,495,514
495,498,514
499,515,498
508,488,510
510,502,531
532,489,511
511,503,522
503,504,522
512,505,518
481,506,505
526,513,496
490,516,499
516,491,517
218,212,219
219,212,223
212,508,223
508,510,535
531,502,497
497,540,531
493,542,523
512,518,493
505,506,518
506,513,518
518,513,526
496,507,537
507,519,529
516,520,499
516,517,520
539,508,535
535,510,548
548,510,531
493,524,542
518,562,493
526,496,527
528,537,507
514,538,519
498,534,514
498,515,534
499,530,515
499,520,530
223,508,222
222,508,243
243,508,539
540,497,541
497,521,541
541,521,532
541,532,554
532,536,554
511,533,532
511,522,533
493,523,522
523,542,522
493,525,524
493,562,525
518,527,562
518,526,527
507,550,528
507,529,550
515,530,534
532,533,536
533,522,556
556,522,542
542,524,557
527,537,562
527,496,537
537,528,549
519,538,529
514,545,538
243,539,222
539,535,548
548,531,540
540,541,560
541,554,561
533,555,536
555,533,556
524,525,544
562,537,563
563,537,549
529,538,551
551,538,552
552,538,559
538,545,559
514,546,545
514,530,546
514,534,530
222,539,242
242,539,548
548,540,255
560,541,561
554,536,585
524,543,575
543,524,576
524,558,576
524,544,558
525,562,544
549,528,550
570,550,551
550,529,551
530,547,553
242,548,246
255,540,560
597,536,555
578,549,550
550,570,564
570,551,581
552,559,565
559,566,583
559,545,566
246,548,255
560,561,572
603,572,561
561,554,585
604,585,536
555,556,587
587,556,542
542,557,574
557,524,575
578,550,569
569,550,564
551,552,581
581,552,565
545,546,566
546,567,566
546,530,567
530,553,567
584,560,572
603,561,585
604,536,597
574,557,575
544,577,558
544,562,577
562,568,577
562,563,568
563,549,578
583,566,571
255,560,584
586,597,555
587,542,573
542,574,573
575,543,598
598,543,576
563,578,568
578,569,579
569,564,580
564,570,580
559,582,565
559,583,582
566,567,596
267,255,584
584,572,603
611,603,585
1539,604,597
605,597,606
597,586,606
555,587,586
574,575,573
575,613,573
598,588,575
577,590,558
578,579,609
579,580,609
579,569,580
580,570,591
581,592,570
565,593,581
565,1559,593
1559,565,594
565,582,594
583,571,595
566,595,571
566,596,595
267,584,603
611,585,604
575,588,613
576,589,598
576,599,589
576,558,599
558,590,599
568,578,577
609,600,578
580,601,609
570,592,591
581,602,592
581,593,602
582,583,594
1549,604,1539
1539,597,605
573,613,612
590,607,599
590,577,607
578,608,577
578,1546,608
578,600,1546
580,591,601
591,592,1557
583,595,594
267,603,610
610,603,611
611,604,1549
605,606,1540
587,573,1564
1564,573,612
1543,613,1544
613,588,1544
598,614,588
598,615,614
598,589,615
577,608,607
600,609,1546
609,601,1555
601,591,1556
1557,592,1591
592,602,1591
593,1559,602
1,617,616
621,634,630
623,653,622
627,628,636
1,655,2
1,616,655
617,618,633
618,619,651
619,620,629
620,621,649
624,625,623
625,632,631
626,635,632
626,627,635
617,645,616
617,633,645
619,646,651
619,647,646
619,629,647
620,648,629
620,649,648
621,630,649
653,652,622
625,653,623
625,663,653
625,631,663
627,636,635
635,636,654
660,654,680
654,637,680
680,637,664
637,638,664
664,638,690
690,638,665
665,639,666
639,640,667
640,641,667
641,642,667
667,642,668
642,643,668
668,643,669
670,644,671
622,652,634
632,635,631
681,673,694
2,650,3
618,656,633
618,651,656
629,657,647
629,648,657
630,677,649
630,634,677
652,653,658
631,659,663
635,660,631
635,654,660
3,650,661
655,650,2
634,652,677
653,662,658
631,660,680
681,694,693
645,633,616
648,675,657
649,676,648
649,677,676
652,658,677
662,653,678
663,679,653
663,659,679
631,680,659
680,664,689
689,664,699
664,690,699
665,666,690
690,666,710
666,639,710
710,639,711
639,667,711
711,667,712
667,668,712
712,668,713
713,668,714
668,669,714
669,643,691
643,644,691
691,644,692
644,670,692
692,670,671
671,672,716
716,672,718
718,673,700
700,673,681
3,683,13
3,661,683
616,682,655
616,633,682
651,646,656
658,662,677
653,679,678
659,680,679
700,681,693
655,682,650
656,684,633
657,685,647
648,688,675
648,676,688
677,688,676
677,686,688
662,678,677
679,689,678
680,689,679
694,674,706
650,682,697
633,684,704
647,685,646
700,693,694
13,695,4
13,683,695
661,696,683
661,687,696
650,697,661
646,685,656
675,702,657
675,688,702
678,699,698
678,689,699
699,690,710
731,711,712
714,669,715
669,691,715
691,692,715
715,692,716
692,671,716
717,716,718
700,694,706
707,706,674
4,695,701
661,697,687
656,685,684
657,702,685
688,703,728
688,686,703
678,698,677
698,699,710
707,674,720
683,696,727
682,704,697
684,685,704
723,688,728
677,705,686
677,698,705
734,700,735
735,700,706
719,706,707
719,707,720
4,708,5
4,701,708
683,727,695
687,697,709
697,704,709
685,739,704
685,702,739
702,688,739
739,688,723
705,698,710
735,706,719
719,720,724
5,708,721
696,687,722
633,704,682
740,728,703
686,730,703
686,705,730
710,711,705
705,711,731
731,712,745
712,746,745
712,713,746
746,713,715
713,714,715
746,715,747
747,715,732
715,716,732
716,734,732
716,717,734
717,718,734
718,700,734
735,719,724
724,720,748
748,720,725
726,2026,761
696,722,727
739,728,743
739,723,728
740,703,752
703,729,744
730,705,731
735,724,748
748,725,749
725,726,761
5,721,736
687,709,742
704,738,709
738,704,739
743,728,740
752,703,771
771,703,744
703,730,729
730,731,745
732,734,733
734,735,733
760,735,748
749,725,761
5,736,762
708,701,721
695,737,701
695,727,737
687,741,722
687,742,741
709,738,743
738,739,743
743,740,765
744,729,757
729,730,753
753,730,745
754,746,732
732,746,747
732,733,754
748,749,778
749,761,755
737,751,701
722,741,727
742,743,741
709,743,742
765,740,752
771,744,757
729,766,757
753,745,767
745,746,767
746,754,767
754,733,758
760,748,778
778,749,755
768,755,761
761,750,779
5,756,6
5,762,756
727,741,737
764,743,765
765,752,771
771,757,789
729,753,766
767,754,774
758,733,775
775,733,759
735,760,733
778,755,791
768,761,787
6,756,7
751,770,701
737,741,763
741,743,763
763,743,764
765,771,783
789,757,772
757,766,772
753,767,766
754,758,775
733,760,759
759,760,778
791,755,768
787,761,779
7,756,769
701,770,721
751,763,770
751,737,763
764,765,763
772,773,796
766,767,774
774,754,786
786,754,775
759,778,777
7,769,780
762,781,756
721,782,736
721,770,782
763,765,788
788,765,783
783,771,789
789,772,802
802,772,796
772,784,773
766,774,786
786,775,803
759,777,776
778,791,777
791,768,807
787,779,800
7,780,8
736,785,762
736,782,785
782,770,819
763,788,770
783,789,795
772,766,784
803,775,790
790,775,759
759,776,790
777,791,776
799,791,807
800,779,793
781,785,756
762,785,781
782,819,785
819,770,788
784,786,773
766,786,784
790,776,805
768,787,807
807,787,800
800,793,809
8,794,21
8,780,794
756,785,769
788,783,822
822,783,795
795,789,802
796,797,824
796,773,797
773,786,798
803,790,814
814,790,805
776,791,805
805,791,799
807,800,792
809,793,810
21,794,811
780,769,794
769,818,794
819,788,842
795,802,820
823,796,824
773,798,812
798,786,803
803,804,813
803,814,804
805,799,806
807,792,808
792,800,809
810,801,816
769,785,818
818,785,819
822,795,846
820,802,796
824,797,825
798,803,812
812,803,813
814,805,804
804,805,826
799,807,806
806,807,815
809,810,792
21,817,9
21,811,817
829,818,819
842,788,822
846,795,836
836,795,820
773,821,797
773,812,821
805,806,827
807,828,815
807,808,828
792,810,808
810,834,808
810,816,834
811,794,829
794,818,829
829,819,841
841,819,842
820,796,823
812,813,821
813,804,844
826,805,827
806,815,827
817,811,9
9,811,829
842,822,846
820,823,824
837,824,825
797,830,825
797,821,830
844,831,838
844,804,831
804,826,831
826,827,871
827,815,832
815,833,840
815,828,833
808,834,852
834,816,835
874,846,836
836,820,843
820,824,847
847,824,875
875,824,837
825,830,849
821,813,830
830,813,844
871,827,839
827,832,840
832,815,840
828,808,852
834,835,853
9,829,845
861,820,847
825,849,837
830,844,849
838,831,826
827,840,839
834,853,852
845,829,868
829,841,868
841,842,868
860,874,836
843,820,861
847,875,861
877,837,848
849,844,850
844,838,850
838,826,855
826,871,855
839,840,866
840,833,866
833,851,866
828,867,833
828,852,867
868,842,884
884,842,874
842,846,874
860,836,843
869,843,861
875,837,877
837,854,848
837,849,854
850,838,864
838,855,864
851,856,866
833,867,851
852,858,857
852,853,858
853,2018,858
860,843,869
877,848,862
849,850,854
864,863,850
864,865,870
864,855,865
866,856,872
851,867,882
852,857,867
858,2018,857
2018,859,857
845,868,10
874,860,885
890,860,869
869,861,875
875,877,891
891,877,876
862,879,877
848,854,862
850,863,854
863,864,870
871,839,880
839,872,880
839,866,872
856,851,872
867,857,888
10,868,884
885,860,890
905,869,875
906,875,921
921,875,891
876,877,900
877,879,893
862,854,879
854,908,879
854,863,909
865,855,871
880,872,886
851,882,872
857,859,888
873,883,859
884,874,885
905,875,906
891,876,900
900,877,892
877,878,892
877,893,878
879,908,893
854,909,908
863,910,909
863,870,910
870,865,901
871,895,865
871,880,895
872,881,886
872,882,881
867,888,882
888,859,899
859,883,899
10,884,889
884,885,889
889,885,890
890,869,905
910,870,901
894,901,865
895,880,886
881,882,897
897,882,898
882,888,898
10,889,915
907,891,922
922,891,900
932,892,878
878,893,908
910,901,894
894,865,903
865,895,903
886,887,895
895,887,896
887,886,896
899,904,888
10,915,11
889,890,919
919,890,905
919,905,920
920,905,906
920,906,921
921,891,907
922,900,916
916,900,892
932,878,908
933,909,910
910,894,902
894,903,902
903,895,936
895,896,912
886,925,896
881,897,886
897,898,913
898,888,914
888,904,914
921,922,931
921,907,922
944,908,923
908,909,923
923,909,933
933,910,917
910,902,935
902,903,971
971,903,911
903,936,911
895,912,936
912,896,936
896,918,940
896,925,918
886,897,925
11,915,889
930,919,920
932,908,944
917,910,934
934,910,935
926,911,924
911,936,924
11,889,23
23,889,930
889,919,930
930,920,942
916,892,932
958,923,933
945,933,917
935,902,971
971,911,926
936,896,928
918,925,929
925,897,938
897,913,2016
898,914,913
942,920,931
920,921,931
922,916,949
958,933,945
945,917,934
945,934,935
926,924,951
924,927,946
924,936,927
928,896,940
940,918,941
925,938,937
897,2016,938
913,914,2016
23,930,939
955,931,922
949,916,979
916,932,979
979,932,944
944,923,958
945,935,960
960,935,961
971,926,951
951,924,946
927,936,946
936,928,946
946,928,940
940,941,947
925,937,929
23,939,954
939,930,954
954,930,942
942,931,943
979,944,956
956,944,957
962,971,951
941,918,953
918,929,948
23,954,34
954,942,943
977,943,931
957,944,958
968,958,950
950,958,945
950,945,959
959,945,960
970,960,961
951,946,973
965,946,952
946,940,952
940,947,952
947,941,953
918,948,953
937,967,929
937,938,967
34,954,14
922,949,995
961,935,971
972,971,962
962,951,963
963,951,973
973,946,964
965,952,966
929,967,976
954,943,14
977,931,978
931,955,978
995,949,979
956,957,996
957,958,968
950,959,968
968,959,980
959,960,969
969,960,970
970,961,971
982,971,972
972,962,988
946,974,964
946,965,974
948,976,953
948,929,976
14,943,977
955,922,978
978,922,995
1022,979,956
968,1003,957
959,1010,980
970,981,969
971,982,970
973,964,963
966,983,965
952,984,966
952,947,984
953,993,947
953,975,993
14,977,985
995,979,1022
996,957,1007
1003,968,998
968,980,998
959,986,1010
959,969,986
982,972,987
962,989,988
965,991,974
983,992,965
947,993,984
953,994,975
953,976,994
976,967,994
14,985,35
35,985,1015
985,977,1015
1007,957,1003
980,1010,1018
970,982,999
988,989,972
962,1012,989
962,963,1012
990,1000,963
963,964,990
964,974,1001
965,992,991
966,984,983
1015,977,995
977,978,995
1029,995,1022
1030,956,996
1030,996,1007
1007,1003,1002
1003,1004,997
1003,998,1004
980,1009,998
980,1018,1009
970,999,981
972,989,987
963,1005,1012
963,1000,1005
964,1001,990
1001,991,990
1001,974,991
984,993,983
975,1006,993
994,1006,975
43,35,1015
1022,956,1030
1023,1007,1031
1031,1007,1008
1007,1002,1008
1002,1003,1008
1008,1003,1017
1003,997,1017
1004,998,1009
986,981,1010
986,969,981
981,999,1011
999,982,1011
990,991,1026
991,992,1014
983,993,1021
993,1006,1021
1015,995,1016
1030,1007,1036
1036,1007,1023
1004,1009,1018
1010,981,1024
981,1020,1024
981,1011,1020
987,989,1040
989,1012,1040
1012,1005,1025
991,1013,1026
991,1014,1013
983,1021,992
43,1015,1016
1016,995,1029
1008,1017,1044
997,1032,1017
997,1037,1032
1018,1019,1004
1018,1010,1019
982,987,1011
987,1040,1011
1012,1025,1041
992,1027,1014
1021,1027,992
1006,1028,1021
43,1016,1029
1029,1022,1043
1043,1022,1030
1058,1036,1023
997,1004,1037
1019,1010,1066
1010,1024,1038
1005,1000,1033
990,1034,1000
990,1026,1034
1026,1013,1035
1014,1035,1013
43,1029,52
52,1029,1043
1043,1030,1036
1023,1031,1059
1031,1008,1044
1017,1032,1063
1065,1004,1019
1066,1010,1038
1020,1011,1024
1012,1041,1040
1000,1042,1033
1035,1052,1026
1027,1021,1054
52,1043,15
1057,1036,1058
1058,1023,1059
1031,1044,1061
1032,1037,1045
1037,1004,1045
1045,1004,1065
1038,1024,1046
1024,1047,1039
1024,1011,1047
1011,1040,1047
1047,1040,1048
1041,1049,1040
1041,1025,1073
1005,1033,1025
1000,1050,1042
1000,1034,1050
1026,1051,1034
1026,1052,1051
1035,1014,1052
1027,1053,1014
1027,1054,1053
15,1043,1055
1055,1043,1036
1059,1031,1060
1060,1031,1061
1062,1044,1017
1032,1045,1064
1038,1046,1067
1046,1024,1067
1024,1068,1067
1024,1069,1068
1024,1039,1069
1048,1040,1071
1040,1049,1071
1041,1072,1049
1041,1073,1072
1025,1033,1073
1033,1042,1073
1034,1051,1050
1014,1074,307
1014,1053,1074
1055,1036,15
1036,1056,15
15,1056,293
1056,1036,293
293,1036,294
1036,1057,294
1057,1058,294
294,1058,295
1058,1059,295
295,1059,296
1059,1060,296
1060,1061,296
296,1061,1062
1061,1044,1062
1062,1017,297
1017,1063,297
297,1063,298
1063,1032,298
1032,1064,298
298,1064,299
1064,1045,299
1045,1065,299
299,1065,300
1065,1019,300
1019,1066,300
300,1066,304
1066,1038,304
1038,1067,304
1067,301,304
1067,1068,301
1068,1069,301
1069,1039,301
1039,1047,301
1047,1070,301
1070,305,301
1070,1047,305
1047,1048,305
1048,1071,305
1071,1049,305
1049,317,305
1049,1072,317
1072,1073,317
1073,306,317
1073,1042,306
1042,1050,306
1050,1051,306
1051,318,306
1051,1052,318
1052,307,318
1052,1014,307
1074,312,307
1074,1053,312
1053,1054,312
1084,1091,1083
274,1075,1097
1076,1077,1090
1077,1078,1090
1078,1079,1090
1079,1080,1086
1080,1081,1087
1081,1082,1102
1082,1083,1088
1083,1091,1089
1084,1085,1091
274,1106,268
274,1129,1106
274,1097,1129
1076,1107,1075
1076,1098,1107
1076,1090,1098
1079,1099,1090
1079,1100,1099
1079,1086,1100
1080,1101,1086
1080,1087,1101
1081,1102,1087
1082,1134,1102
1082,1088,1134
1083,1103,1088
1083,1089,1103
1091,1085,1104
1104,1115,1091
1115,1092,1137
1137,1092,1116
1092,1093,1116
1116,1093,1117
1093,1094,1117
1117,1094,1118
1094,1095,1118
1095,1096,1119
1138,1111,1123
244,268,1106
1075,1107,1097
1090,1108,1098
1090,1110,1109
1090,1099,1110
1127,1105,1158
244,1106,250
1106,1129,1112
1097,1107,1129
1090,1136,1108
1090,1109,1136
1102,1134,1133
1088,1103,1134
1089,1091,1103
1122,1111,1138
250,1114,244
1112,250,1106
1103,1091,1134
1105,1113,1159
244,1114,1128
1107,1130,1129
1107,1098,1130
1086,1131,1100
1101,1132,1086
1101,1087,1132
1102,1133,1087
1091,1115,1134
1134,1115,1137
1137,1116,1142
1116,1117,1147
1147,1117,1148
1148,1117,1149
1117,1118,1149
1149,1118,1150
1118,1095,1150
1095,1119,1150
1150,1119,1197
1119,1120,1197
1197,1120,1151
1120,1119,1151
1119,1121,1151
1151,1121,1152
1121,1122,1152
1152,1122,1153
1122,1138,1153
1138,1123,1154
1154,1123,1155
1123,1124,1155
1155,1124,1156
1124,1125,1156
1156,1125,1157
1157,1125,1158
1125,1126,1158
1126,1127,1158
244,1128,1160
250,1112,1135
1129,1130,1143
1099,1100,1110
1086,1163,1131
1086,1132,1163
1134,1137,1142
1190,1158,1105
1172,1159,2398
250,1162,1114
1135,1139,250
1112,1129,1135
1098,1144,1130
1098,1108,1144
1110,1100,1140
1100,1131,1140
1087,1141,1132
1087,1146,1141
1087,1133,1146
1133,1134,1146
1134,1142,1146
1153,1138,1154
1190,1105,1171
250,1139,1162
1129,1143,1135
1143,1130,1144
1136,1145,1108
1136,1109,1145
1110,1145,1109
1110,1140,1145
1132,1170,1163
1132,1141,1170
1142,1116,1146
1171,1105,1159
1172,2398,1180
1160,1128,1161
1131,1163,1140
1146,1116,1164
1116,1147,1164
1147,1148,1164
1148,1149,1164
1164,1149,1184
1150,1197,1196
1197,1151,1185
1151,1152,1185
1152,1153,1212
1153,1154,1227
1154,1155,1214
1155,1156,1214
1156,1157,1214
1157,1158,1190
1171,1159,1179
1179,1159,1172
1180,2398,1191
1191,2398,1165
236,1166,220
236,1160,1166
1160,1161,1173
1128,1167,1161
1128,1114,1167
1162,1139,1168
1135,1169,1175
1135,1143,1169
1143,1144,1169
1108,1145,1144
1145,1140,1177
1141,1164,1170
1141,1146,1164
1160,1173,1166
1114,1174,1167
1114,1162,1174
1135,1175,1139
1144,1145,1176
1140,1189,1177
1170,1178,1163
1170,1164,1178
1178,1164,1184
1149,1150,1196
1212,1153,1227
1190,1171,1222
1179,1172,1180
1191,1165,1202
220,1166,213
1161,1167,1181
1139,1175,1193
1176,1189,1144
1145,1177,1176
1140,1182,1189
1140,1163,1182
1163,1178,1183
1222,1171,1179
1179,1180,1223
1223,1180,1191
213,1166,203
1173,1161,1186
1161,1181,1186
1162,1187,1174
1162,1168,1187
1168,1139,1187
1169,1144,1188
1144,1189,1188
1176,1177,1189
1163,1183,1182
1178,1184,1196
1184,1149,1196
1197,1185,1211
1185,1152,1211
1211,1152,1212
1227,1154,1213
1154,1214,1213
1214,1157,1198
1157,1190,1198
203,1166,202
1173,1186,1166
1139,1193,1187
1169,1200,1175
1188,1201,1169
1189,1182,1195
1178,1196,1183
1198,1190,1222
1216,1179,1223
1223,1191,1224
1224,1191,1202
1217,1202,1228
1166,1192,202
1166,1186,1192
1181,1199,1186
1181,1167,1199
1167,1174,1199
1193,1233,1187
1175,1200,1194
1169,1201,1200
1188,1189,1201
1195,1210,1189
1183,1196,1182
1196,1197,1221
1214,1198,1215
1215,1198,1222
1251,1222,1179
1224,1202,1236
202,1219,203
1186,1205,1192
1186,1199,1206
1187,1233,1207
1175,1208,1193
1175,1194,1208
1201,1189,1210
1195,1182,1210
1182,1196,1221
1251,1179,1216
1236,1202,1256
1256,1202,1217
1228,1203,1217
203,1219,1218
202,1204,1219
202,1192,1204
1186,1206,1205
1174,1207,1199
1174,1187,1207
1182,1221,1210
1221,1197,1242
1197,1211,1242
1211,1212,1242
1242,1212,1227
1227,1213,1250
1213,1214,1243
1243,1214,1265
1214,1215,1265
1251,1216,1223
203,1218,1229
1199,1207,1232
1200,1234,1194
1200,1209,1234
1200,1201,1209
1201,1220,1209
1201,1210,1220
1210,1221,1226
1215,1222,1251
1251,1223,1244
1244,1223,1224
1203,1225,2317
1204,1192,1230
1192,1205,1231
1199,1232,1206
1210,1235,1220
1221,1242,1226
1242,1227,1250
1250,1213,1260
1260,1213,1243
1203,2317,2318
1229,1245,186
1204,1238,1219
1204,1230,1238
1192,1231,1230
1206,1232,1205
1207,1233,1247
1193,1239,1233
1193,1208,1239
1194,1240,1208
1194,1234,1240
1209,1241,1234
1220,1235,1209
1210,1226,1235
1235,1226,1242
1224,1236,1255
1255,1236,1256
1266,1256,1217
1267,1217,1203
1203,2318,1257
186,1245,1237
1218,1246,1229
1219,1238,1218
1232,1252,1205
1207,1247,1232
1239,1248,1233
1239,1208,1248
1208,1240,1248
1209,1249,1241
1235,1250,1260
1235,1242,1250
1265,1215,1251
1251,1244,1261
1266,1217,1267
1267,1203,1257
1257,2318,1268
1205,1252,1231
1232,1247,1252
1233,1248,1253
1234,1241,1254
1209,1235,1249
1235,1260,1249
1265,1251,1261
1261,1244,1224
1261,1224,1255
1287,1256,1266
1279,1257,1268
1229,1246,1245
1238,1230,1218
1231,1258,1269
1240,1234,1248
1234,1259,1248
1234,1254,1259
1255,1256,1287
1267,1257,1279
1268,2286,1275
1246,1263,1245
1246,1218,1263
1230,1264,1218
1231,1269,1230
1231,1283,1258
1231,1252,1283
1249,1260,1272
1272,1260,1243
1288,1266,1267
150,1237,1280
1262,1310,1245
1245,1263,1262
1230,1269,1264
1247,1270,1252
1253,1248,1270
1270,1248,1271
1248,1259,1271
1254,1249,1259
1254,1241,1249
1265,1261,1273
1261,1255,1287
1287,1266,1297
1297,1266,1288
1288,1267,1274
1274,1267,1279
1279,1268,1275
1245,1310,1237
1218,1264,1263
1258,1291,1269
1252,1270,1283
1247,1233,1270
1253,1270,1233
1271,1259,1249
1272,1243,1276
1243,1278,1277
1243,1265,1278
1265,1273,1278
1273,1261,1287
1279,1275,1284
1284,1275,1289
1289,1275,1299
1280,1237,1309
1237,1310,1285
1262,1263,1281
1263,1264,1282
1264,1269,1282
1249,1294,1271
1249,1272,1294
1243,1277,1276
1287,1295,1273
1274,1279,1288
1288,1279,1305
150,1280,138
1309,1237,1285
1262,1281,1310
1281,1263,1286
1263,1282,1286
1269,1291,1282
1270,1271,1293
1294,1272,1276
1276,1277,1278
1296,1287,1297
1305,1279,1298
1279,1284,1320
1299,2237,1300
150,138,1309
138,1280,1309
1310,1281,1311
1281,1286,1290
1302,1291,1258
1258,1283,1316
1283,1270,1292
1292,1270,1293
1276,1278,1303
1278,1273,1303
1295,1287,1296
1297,1288,1318
1318,1288,1305
1298,1279,1320
150,1309,1301
1281,1290,1311
1282,1302,1286
1282,1291,1302
1258,1316,1302
1283,1292,1316
1271,1294,1293
1276,1326,1294
1303,1273,1312
1295,1296,1273
1297,1318,1296
1305,1298,1320
1320,1284,1307
1284,1289,1307
1289,1299,1307
1307,1299,1308
1308,1299,1322
1299,1300,1322
150,1301,118
118,1301,1309
1315,1285,1310
1316,1292,1332
1294,1326,1293
1303,1312,1276
1273,1327,1312
1296,1304,1273
1304,1296,1318
1305,1306,1318
1307,1308,1313
118,1309,1315
1309,1285,1315
1310,1311,1324
1311,1290,1325
1325,1290,1286
1286,1302,1359
1340,1302,1316
1332,1292,1343
1292,1293,1343
1326,1276,1317
1276,1312,1317
1273,1304,1327
1327,1304,1337
1304,1318,1342
1318,1306,1319
1306,1305,1319
1305,1320,1319
1321,1320,1307
1308,1322,1313
1322,1314,1339
118,1315,1323
1323,1315,1310
1331,1310,1324
1326,1317,1335
1317,1312,1327
1318,1319,1342
1319,1320,1328
1320,1321,1328
1307,1313,1321
1313,1322,1329
1322,1330,1329
1322,1339,1330
118,1323,1331
1323,1310,1331
1324,1311,1353
1311,1325,1354
1378,1286,1359
1359,1302,1340
1389,1316,1332
1332,1343,1390
1367,1343,1344
1343,1356,1344
1343,1293,1356
1293,1334,1356
1293,1326,1334
1327,1336,1317
1304,1338,1337
1304,1342,1338
1319,1328,1342
1313,1348,1321
1313,1329,1348
118,1331,114
1353,1311,1354
1354,1325,1355
1325,1286,1378
1389,1332,1333
1326,1335,1361
1317,1345,1335
1317,1341,1345
1317,1336,1341
1337,1338,1350
1330,1339,2184
114,1331,104
1331,1324,1353
1340,1316,1389
1333,1332,1390
1327,1349,1336
1327,1346,1349
1327,1337,1346
1337,1350,1346
1329,1330,1366
1389,1333,1379
1390,1343,1367
1326,1361,1334
1335,1345,1361
1338,1342,1350
1342,1347,1350
1328,1351,1342
1348,1329,1352
104,1331,1353
1353,1354,1372
1372,1354,1355
1355,1325,1373
1373,1325,1378
1388,1359,1340
1380,1333,1390
1406,1367,1344
1401,1344,1356
1356,1334,1374
1345,1368,1361
1341,1336,1345
1346,1350,1370
1351,1358,1342
1321,1377,1328
1321,1348,1377
1329,1366,1352
1330,2184,1366
1372,1355,1373
1379,1333,1380
1374,1334,1360
1334,1361,1360
1361,1362,1394
1361,1357,1362
1361,1368,1357
1345,1336,1368
1349,1346,1385
1350,1364,1370
1347,1365,1350
1347,1342,1365
1342,1358,1365
1328,1377,1351
1348,1352,1377
104,1353,93
1353,1372,93
1378,1359,1405
1405,1359,1388
1388,1340,1389
1422,1367,1406
1406,1344,1391
1391,1344,1401
1401,1356,1418
1423,1356,1392
1356,1374,1392
1360,1361,1394
1357,1363,1362
1357,1368,1363
1336,1384,1368
1349,1369,1336
1349,1385,1369
1346,1370,1385
1350,1365,1364
1377,1371,1351
1390,1367,1422
1418,1356,1423
1374,1360,1381
1368,1375,1363
1336,1369,1384
1370,1376,1385
1351,1371,1358
1352,1366,2146
93,1372,1373
1400,1373,1378
1400,1378,1405
1431,1389,1379
1441,1380,1390
1417,1390,1422
1393,1360,1394
1394,1362,1383
1362,1363,1383
1384,1403,1368
1369,1385,1384
1370,1364,1376
1364,1365,1386
1377,2146,1371
1377,1352,2146
93,1373,82
1379,1380,1441
1374,1381,1424
1381,1360,1432
1394,1396,1395
1394,1382,1396
1394,1383,1382
1363,1397,1383
1375,1398,1363
1368,1402,1375
1368,1403,1402
1364,1399,1376
1371,2146,1387
82,1373,74
74,1373,1400
1405,1388,1416
1388,1389,1431
1440,1379,1441
1441,1390,1417
1406,1391,1458
1458,1391,1401
1452,1401,1418
1423,1392,1419
1419,1392,1374
1432,1360,1407
1360,1393,1407
1394,1395,1393
1397,1411,1383
1397,1363,1411
1363,1398,1411
1385,1404,1384
1376,1404,1385
1364,1386,1399
1365,1358,1386
1371,1387,1358
74,1400,1415
1431,1379,1440
1458,1401,1452
1402,1408,1375
1403,1412,1402
1403,1409,1412
1384,1404,1403
74,1415,62
1400,1405,1415
1415,1405,1416
1471,1417,1422
1422,1406,1458
1419,1374,1424
1407,1393,1410
1393,1395,1426
1411,1428,1383
1398,1375,1411
1375,1408,1411
1404,1413,1403
1399,1414,1376
1399,1386,1414
1358,1421,1386
1358,1387,1421
1381,1432,1424
1432,1407,1425
1425,1407,1410
1393,1426,1410
1383,1427,1382
1383,1428,1427
1412,1429,1402
1403,1420,1409
1403,1413,1420
1376,1414,1404
1386,1421,1414
62,1415,55
1415,1416,55
1416,1388,1431
1441,1417,1471
1451,1422,1458
1452,1418,1472
1472,1418,1423
1479,1423,1473
1423,1419,1473
1473,1419,1424
1424,1432,1480
1410,1434,1433
1411,1444,1428
1408,1429,1411
1408,1402,1429
1404,1430,1413
1471,1422,1451
1472,1423,1479
1459,1432,1453
1432,1425,1453
1464,1410,1442
1442,1410,1433
1410,1426,1434
1426,1435,1434
1395,1396,1426
1382,1436,1396
1382,1427,1436
1428,1444,1437
1411,1429,1444
1409,1438,1412
1413,1430,1456
1404,1414,1430
1414,1421,1439
1416,1431,1440
44,1440,1441
1457,1441,1471
1473,1424,1484
1480,1432,1459
1425,1410,1464
1396,1443,1426
1396,1436,1443
1428,1437,1427
1429,1412,1438
1420,1413,1409
1414,1439,1430
55,1416,44
1416,1440,44
44,1441,1457
1484,1424,1463
1463,1424,1480
1442,1445,1464
1442,1433,1445
1426,1446,1435
1426,1443,1446
1444,1447,1437
1444,1448,1447
1429,1438,1444
1413,1449,1409
1413,1456,1449
1430,1450,1456
45,44,1457
1477,1451,1458
1477,1458,1452
1478,1452,1472
1445,1433,1466
1433,1434,1466
1427,1467,1436
1438,1455,1444
1438,1409,1455
1409,1449,1455
1471,1451,1477
1477,1452,1478
1459,1453,1481
1481,1453,1425
1497,1425,1464
1464,1445,1488
1445,1486,1498
1445,1454,1486
1445,1460,1454
1466,1474,1445
1443,1436,1446
1437,1468,1427
1437,1447,1468
1444,1461,1448
1444,1455,1461
1456,1470,1449
45,1457,29
29,1457,1462
1462,1457,1471
16,1471,1477
1480,1459,1481
1481,1425,1497
1497,1464,1485
1488,1445,1498
1460,1445,1482
1445,1465,1482
1445,1474,1465
1434,1435,1466
1446,1466,1435
1446,1436,1466
1427,1468,1467
1449,1469,1455
1449,1470,1469
29,1462,16
16,1462,1471
1484,1463,1515
1515,1463,1480
1485,1464,1521
1521,1464,1488
1467,1475,1436
1467,1476,1475
1467,1468,1476
1447,1493,1468
1447,1448,1493
1455,1469,1461
1470,1456,2074
1510,1477,1478
1510,1478,1512
1478,1472,1512
1512,1472,1479
1513,1479,1496
1479,1473,1496
1496,1473,1484
1517,1480,1481
1454,1460,1486
1474,1482,1465
1466,1490,1474
1436,1483,1466
1436,1475,1483
1468,1493,1505
1469,1470,2058
16,1477,1495
1512,1479,1513
1496,1484,1515
1515,1480,1517
1517,1481,1518
1518,1481,1497
1519,1485,1521
1498,1486,1525
1486,1460,1489
1466,1483,1490
1461,1493,1448
1469,1487,1461
1469,2058,1487
1495,1477,1
1,1477,1510
1497,1485,1519
1525,1486,1527
1474,1490,1482
1490,1483,1491
1476,1492,1475
1476,1468,1492
1461,2034,1493
1461,1487,2034
16,1495,12
1515,1517,1516
1521,1488,1522
1523,1488,1498
1524,1498,1525
1527,1486,1499
1489,1500,1486
1489,1460,1500
1460,1501,1531
1460,1482,1501
1482,1490,1502
1491,1483,1504
1483,1475,1504
1468,1505,1492
1505,1493,1506
1493,1507,1506
1493,1494,1508
1493,1509,1494
1493,2034,1509
12,1495,1
1511,1510,1512
1513,1496,1514
1518,1497,1519
1522,1488,1523
1523,1498,1524
1527,1499,1529
1486,1530,1499
1486,1500,1530
1460,1531,1500
1482,1532,1501
1482,1533,1532
1482,1502,1533
1490,1534,1503
1490,1491,1534
1475,1492,1504
1505,1535,1492
1505,1536,1535
1505,1506,1536
1493,1537,1507
1493,1508,1537
1,1510,617
1510,1511,617
617,1511,618
1511,1512,618
1512,1513,618
618,1513,619
1513,1514,619
1514,1496,619
619,1496,620
1496,1515,620
1515,1516,620
620,1516,621
621,1516,634
1516,1517,634
1517,1518,634
634,1518,622
1518,1519,622
1519,1520,622
622,1520,623
1520,1519,623
623,1519,624
1519,1521,624
624,1521,625
1521,1522,625
1522,1523,625
625,1523,632
1523,1524,632
632,1524,626
1524,1525,626
1525,1526,626
626,1526,627
1526,1525,627
1525,1527,627
1527,1528,627
627,1528,628
1528,1527,628
1527,636,628
1527,1529,636
1529,1499,636
1499,654,636
1499,1530,654
1530,1500,654
1500,1531,654
1531,637,654
1531,1501,637
1501,1532,637
1532,638,637
1532,1533,638
1533,1502,638
1502,665,638
1502,1490,665
1490,639,665
1490,1503,639
1503,1534,639
1534,640,639
1534,1491,640
1491,641,640
1491,1504,641
1504,642,641
1504,1492,642
1492,643,642
1492,1535,643
1535,644,643
1535,1536,644
1536,1506,644
1506,1507,644
1507,671,644
1507,1537,671
1537,672,671
1537,1508,672
1508,1494,672
1494,718,672
1494,1509,718
1509,673,718
1509,2034,673
267,610,273
611,1549,1538
605,1540,1539
587,1564,586
613,1543,612
599,607,589
607,608,589
589,608,1546
1546,609,1555
273,1560,260
611,1538,1569
1539,1540,1542
606,1551,1540
606,586,1551
612,1543,1541
588,614,1544
614,615,1545
589,1546,1568
1555,601,1556
1556,591,1557
1591,602,1558
1558,602,1559
1559,594,1571
1571,594,1547
594,595,1572
610,611,1569
1549,1539,1550
1564,612,1566
612,1541,1552
1543,1544,1553
1544,614,1554
614,1545,1554
615,589,1545
1545,589,1568
1556,1557,1596
272,260,1573
260,1560,1573
273,610,1560
610,1561,1560
610,1548,1561
610,1569,1548
1538,1562,1569
1538,1549,1562
1539,1563,1550
1539,1542,1563
1551,586,1581
1564,1566,1565
612,1552,1566
1541,1543,1552
1543,1553,1567
1544,1554,1553
1554,1545,1568
1570,1546,1584
1546,1555,1584
1584,1555,1596
1555,1556,1596
1596,1557,1597
1557,1591,1597
1558,1559,1585
1585,1559,1571
594,1572,1547
1573,1560,1561
1549,1575,1562
1549,1550,1575
1542,1576,1563
1542,1540,1576
1551,1581,1540
586,1564,1581
1543,1604,1552
1543,1567,1604
1554,1570,1553
1568,1570,1554
1568,1546,1570
1547,1572,1599
1548,1574,1561
1550,1563,1575
1540,1581,1576
1581,1564,1589
1564,1565,1582
1553,1570,1577
1591,1558,1585
1571,1547,1631
1631,1547,1599
1599,1572,1586
1573,1561,1588
1569,1592,1548
1562,1579,1569
1562,1575,1579
1563,1580,1575
1563,1576,1580
1564,1582,1589
1565,1566,1582
1552,1583,1566
1552,1604,1583
1553,1590,1567
271,1587,281
271,1573,1587
1561,1578,1588
1578,1561,1602
1561,1574,1602
1548,1603,1574
1548,1592,1603
1569,1579,1592
1581,1589,1576
1566,1583,1582
1553,1577,1590
1570,1584,1577
1612,1596,1597
1597,1591,1598
1591,1585,1598
1631,1599,1614
1599,1586,1606
1573,1588,1587
1579,1575,1592
1575,1580,1593
1576,1594,1580
1589,1595,1576
1590,1577,1605
1577,1584,1605
1598,1585,1571
1614,1599,1606
281,1587,1600
1578,1602,1601
1602,1574,1603
1592,1609,1603
1575,1593,1592
1576,1595,1594
1595,1589,1582
1582,1583,1604
1604,1567,1611
1567,1590,1605
1584,1596,1605
1605,1596,1612
1612,1597,1613
1597,1598,1613
1622,1598,1571
1630,1571,1631
1614,1606,1623
281,1607,280
1600,1634,281
1587,1588,1608
1588,1578,1608
1580,1594,1610
1582,1604,1611
1567,1605,1619
1621,1605,1612
1613,1598,1622
1622,1571,1630
1623,1606,1615
1632,1615,1620
281,1634,1607
1608,1600,1587
1578,1601,1608
1601,1602,1616
1602,1603,1616
1603,1609,1617
1592,1593,1609
1580,1629,1593
1580,1610,1629
1594,1595,1610
1595,1582,1610
1610,1582,1650
1582,1611,1650
1567,1618,1611
1567,1619,1618
1619,1605,1621
1631,1614,1658
1623,1615,1632
280,1607,1626
1603,1617,1616
1593,1629,1609
1651,1611,1643
1611,1636,1643
1611,1618,1636
1612,1613,1622
280,1626,1625
1607,1634,1627
1600,1628,1634
1608,1635,1600
1601,1616,1608
1617,1609,1629
1619,1621,1636
1621,1612,1636
1612,1622,1639
1653,1630,1631
1653,1631,1658
1614,1623,1632
1607,1633,1626
1607,1627,1633
1600,1635,1628
1608,1616,1635
1616,1617,1649
1617,1629,1649
1629,1610,1650
1677,1650,1611
1619,1636,1618
1622,1630,1653
1614,1632,1645
1659,1632,1646
1646,1632,1620
1640,1624,1641
1625,1626,1647
1626,1633,1648
1634,1637,1627
1634,1628,1637
1628,1635,1638
1616,1649,1635
1665,1611,1651
1636,1612,1639
1644,1639,1622
1658,1614,1645
1645,1632,1659
1646,1620,1654
1654,1620,1640
1662,1640,1641
1628,1642,1637
1675,1649,1650
1649,1629,1650
1677,1611,1665
1651,1643,1666
1643,1636,1644
1636,1639,1644
1654,1640,1660
1660,1640,1662
1626,1648,1647
1633,1637,1648
1633,1627,1637
1642,1638,1637
1642,1628,1638
1635,1649,1638
1676,1650,1677
1666,1643,1686
1686,1643,1652
1644,1622,1657
1657,1622,1653
1657,1653,1658
1659,1646,1660
1660,1646,1654
1660,1662,1661
1662,1641,1661
1661,1641,1655
292,1670,257
292,1625,1670
1648,1637,1663
1637,1638,1664
1638,1649,1675
1675,1650,1676
1665,1651,1679
1686,1652,1656
1652,1643,1657
1643,1644,1657
1647,1648,1663
1663,1637,1664
1679,1651,1678
1678,1651,1666
1657,1658,1668
1668,1658,1681
1681,1658,1645
1645,1659,1688
1688,1659,1660
1660,1661,1684
1661,1655,1692
1625,1672,1670
1625,1647,1672
1647,1663,1672
1664,1674,1708
1664,1638,1674
1638,1675,1674
1677,1665,1697
1678,1665,1679
1686,1667,1687
1686,1656,1667
1652,1657,1668
1681,1645,1688
1688,1660,1683
1692,1655,1669
257,1670,265
1670,1672,1671
1664,1685,1663
1664,1673,1685
1676,1677,1695
1697,1665,1678
1678,1666,1710
1710,1666,1686
1698,1686,1687
1652,1680,1656
1652,1668,1680
1683,1660,1684
1684,1661,1691
1691,1661,1692
1663,1685,1672
1664,1708,1673
1674,1675,1695
1675,1676,1695
1677,1696,1695
1677,1697,1696
1688,1682,1702
1688,1689,1682
1688,1683,1689
1683,1684,1689
1689,1684,1690
1690,1692,1669
279,265,1717
265,1670,1717
1671,1694,1670
1671,1672,1694
1672,1685,1707
1685,1673,1726
1708,1674,1718
1697,1678,1709
1710,1686,1698
1667,1700,1687
1656,1701,1667
1656,1680,1701
1668,1681,1680
1681,1688,1680
1680,1688,1702
1684,1691,1690
1691,1692,1690
1669,1693,1705
279,1717,270
1717,1670,1706
1670,1694,1706
1672,1707,1694
1685,1726,1707
1673,1708,1726
1695,1696,1719
1697,1709,1696
1678,1710,1709
1698,1711,1710
1728,1698,1699
1667,1712,1700
1680,1702,1713
1689,1690,1703
1690,1714,1703
1669,1704,1690
1669,1715,1704
1669,1705,1715
1707,1725,1694
1708,1718,1726
1674,1719,1718
1674,1695,1719
1709,1720,1696
1709,1710,1721
1721,1710,1739
1710,1711,1739
1698,1728,1711
1698,1687,1699
1687,1700,1699
1667,1731,1712
1667,1701,1731
1680,1713,1701
1702,1682,1722
1682,1689,1722
1714,1736,1703
1716,1723,1705
1717,1706,1724
1706,1694,1725
1726,1746,1707
1726,1718,1756
1718,1719,1727
1719,1696,1720
1700,1730,1699
1700,1712,1730
1702,1732,1713
1702,1722,1732
1689,1733,1722
1703,1734,1689
1703,1736,1735
1714,1690,1736
1690,1704,1736
270,1737,1754
270,1717,1737
1724,1745,1717
1725,1707,1746
1746,1726,1762
1727,1747,1718
1720,1709,1738
1709,1758,1749
1709,1721,1758
1699,1729,1728
1699,1730,1729
1712,1731,1730
1701,1740,1731
1713,1732,1741
1733,1752,1722
1733,1689,1752
1689,1742,1752
1689,1734,1742
1703,1735,1734
1704,1715,1736
1705,1753,1715
1705,1723,1753
1737,1717,1744
1717,1745,1744
1724,1706,1745
1706,1725,1745
1726,1756,1762
1718,1782,1756
1718,1747,1782
1727,1719,1747
1738,1748,1720
1738,1709,1748
1709,1749,1748
1711,1728,1750
1731,1751,1730
1701,1713,1740
1736,1772,1735
1736,1743,1772
1736,1753,1743
1736,1715,1753
1745,1725,1755
1725,1746,1755
1719,1763,1747
1719,1757,1763
1719,1720,1757
1720,1748,1757
1721,1739,1758
1739,1769,1758
1750,1728,1759
1728,1729,1759
1730,1751,1791
1731,1740,1751
1713,1760,1740
1713,1741,1760
1732,1722,1761
1734,1735,1742
1754,291,270
1737,1744,1754
1745,1755,1744
1755,1746,1762
1774,1762,1781
1762,1775,1781
1762,1756,1775
1739,1711,1769
1750,1759,1711
1759,1729,1764
1729,1730,1764
1740,1765,1751
1722,1766,1761
1722,1752,1766
1752,1742,1767
1742,1735,1767
1744,1773,1754
1762,1774,1755
1756,1788,1775
1756,1782,1788
1748,1749,1768
1749,1758,1768
1758,1769,1768
1711,1776,1769
1711,1759,1776
1730,1791,1764
1740,1760,1765
1732,1770,1741
1732,1761,1770
1752,1767,1766
1735,1771,1767
1735,1772,1771
1772,1743,1779
291,1754,1773
1795,1755,1774
1783,1782,1747
1748,1768,1784
1759,1764,1785
1760,1793,1765
1760,1741,1793
1771,1777,1767
1772,1779,1778
291,1773,1780
1773,1744,1755
1783,1747,1763
1757,1748,1784
1769,1776,1790
1759,1785,1776
1791,1751,1786
1741,1770,1793
1766,1787,1761
1767,1777,1799
1772,1778,1771
1780,1773,1806
1755,1795,1773
1781,1775,1788
1782,1796,1788
1782,1783,1796
1769,1790,1789
1776,1785,1790
1764,1791,1785
1751,1765,1786
1765,1793,1792
1770,1798,1793
1770,1761,1798
1766,1794,1787
1766,1767,1794
291,1780,1800
1806,1773,1795
1795,1781,1807
1795,1774,1781
1788,1796,1819
1763,1757,1784
1769,1801,1768
1769,1789,1801
1802,1785,1803
1785,1791,1803
1791,1786,1797
1786,1765,1792
1793,1798,1792
1761,1787,1798
1767,1799,1794
1777,1771,1799
1771,2455,1799
1771,1778,2455
1800,1817,290
1800,1780,1806
1806,1795,1807
1763,1784,1811
1784,1768,1811
1768,1801,1813
1785,1802,1790
1791,1797,1803
1786,1792,1797
1787,1804,1798
1787,1794,1804
1794,1799,1816
1799,1805,1816
1817,1800,1847
1847,1800,1806
1807,1781,1818
1818,1781,1808
1808,1781,1809
1809,1781,1819
1781,1788,1819
1783,1763,1832
1832,1763,1810
1810,1763,1811
1811,1768,1812
1812,1768,1813
1797,1792,1827
1792,1815,1814
1792,1798,1815
1798,1804,1835
1794,1816,1804
1806,1848,1847
1807,1823,1806
1807,1818,1823
1796,1783,1819
1783,1832,1819
1811,1812,1825
1812,1813,1825
1825,1813,1820
1790,1862,1789
1790,1843,1862
1790,1802,1843
1802,1803,1843
1803,1852,1843
1803,1827,1852
1803,1797,1827
1815,1798,1822
1798,1835,1822
1816,1805,1804
290,1817,289
1832,1810,1824
1813,1821,1820
1801,1826,1813
1789,1826,1801
1789,1862,1826
1792,1828,1827
1792,1814,1828
289,1817,1829
1848,1806,1837
1806,1823,1837
1818,1808,1830
1808,1809,1830
1819,1831,1809
1831,1819,1832
1811,1825,1810
1820,1821,1842
1813,1826,1821
1827,1833,1852
1827,1828,1834
1828,1814,1834
1815,1822,1814
1804,1846,1835
1805,1836,1804
289,1829,263
1829,1817,1847
1847,1848,288
1818,1838,1823
1818,1830,1838
1832,1824,1840
1825,1841,1810
1827,1834,1833
1814,1844,1834
1814,1845,1844
1814,1822,1845
1822,1835,1856
1804,1836,1846
1848,1837,1857
1823,1838,1849
1809,1831,1830
1831,1850,1839
1831,1832,1850
1825,1820,1870
1821,1872,1842
1826,1862,1821
1843,1851,1862
1833,1853,1852
1834,1854,1833
1822,1855,1845
1822,1856,1855
1846,2457,1835
1829,1847,277
277,1847,288
1909,1837,1897
1823,1865,1837
1823,1858,1865
1823,1849,1858
1831,1859,1830
1831,1839,1859
1832,1860,1850
1832,1840,1860
1840,1824,1868
1810,1869,1824
1810,1841,1869
1820,1861,1870
1820,1842,1861
1852,1863,1843
1852,1853,1863
1833,1854,1853
1854,1834,1864
1835,2457,1856
1848,1890,288
1848,1857,1890
1837,1909,1857
1897,1837,1865
1849,1838,1866
1830,1867,1838
1824,1869,1868
1841,1825,1869
1825,1870,1869
1842,1871,1861
1871,1842,1872
1821,1862,1872
1862,1851,1879
1843,1880,1851
1843,1863,1880
1854,1864,1873
1834,1844,1864
2457,2417,1856
1849,1874,1858
1849,1866,1874
1830,1859,1867
1850,1860,1839
1840,1868,1876
1870,1861,1869
1871,1877,1861
1872,1862,1879
1863,1853,1875
1853,1854,1875
1844,1845,1903
1856,2417,1881
287,288,1890
1858,1874,1865
1867,1883,1838
1839,1860,1876
1860,1840,1876
1869,1885,1868
1869,1861,1885
1861,1877,1894
1871,1872,1877
1872,1878,1877
1863,1896,1880
1863,1875,1896
1856,1881,1855
287,1890,277
277,1890,1882
1890,1857,1909
1897,1865,1928
1932,1865,1874
1866,1883,1874
1866,1838,1883
1839,1891,1859
1839,1876,1891
1868,1892,1876
1868,1884,1892
1868,1885,1884
1861,1893,1885
1872,1886,1878
1872,1879,1886
1879,1887,1886
1879,1851,1888
1851,1880,1888
1854,1889,1875
1854,1873,1889
1873,1864,1889
1845,1908,1903
1845,1855,1908
277,1882,286
1928,1865,1932
1932,1874,1933
1919,1874,1883
1859,1891,1867
1893,1861,1894
1887,1879,1895
1879,1888,1895
1880,1896,1907
1875,1889,1896
1844,1903,1864
1890,1909,1882
1925,1897,1928
1933,1874,1918
1918,1874,1919
1883,1898,1935
1883,1867,1898
1867,1891,1898
1876,1892,1920
1894,1877,1905
1877,1878,1905
1878,1886,1899
1888,1880,1900
1880,1907,1900
1889,1901,1896
1889,1864,1902
1864,1903,1902
1908,1855,1904
1909,1897,1925
1919,1883,1942
1942,1883,1951
1883,1926,1951
1883,1935,1926
1876,1920,1891
1892,1884,1910
1878,1899,1905
1886,1914,1899
1887,1922,1886
1887,1895,1922
1895,1888,1906
1888,1900,1906
1896,1916,1907
1889,1902,1901
1882,1909,1925
1891,1920,1898
1892,1910,1920
1885,1911,1884
1893,1912,1885
1893,1894,1912
1894,1905,1912
1906,1915,1895
1896,1901,1916
1902,1903,1901
1908,1917,1903
1918,1919,1963
1970,1919,1934
1919,1942,1934
1935,1898,1936
1920,1910,1944
1885,1912,1911
1912,1905,1913
1905,1921,1913
1905,1899,1921
1886,1922,1914
1895,1915,1923
1900,1907,1906
1903,1924,1901
1903,1917,1924
285,1882,1925
284,1925,1928
1933,1918,1941
1963,1919,1970
1926,1935,1951
1898,1920,1952
1920,1944,1943
1884,1945,1910
1884,1911,1945
1911,1912,1945
1914,1921,1899
1922,1895,1947
1907,1916,1906
1916,1940,1931
1916,1901,1940
1901,1924,1927
285,1925,284
284,1928,1932
1952,1920,1972
1972,1920,1943
1913,1921,1929
1895,1930,1947
1895,1923,1930
1906,1916,1931
1901,1927,1940
1956,1932,1933
282,1933,1941
1941,1918,1963
1980,1951,1935
1965,1935,1936
1936,1898,1952
1944,1910,1958
1913,1937,1912
1913,1938,1937
1913,1929,1938
1914,1947,1939
1914,1922,1947
1906,1931,1915
283,284,1956
284,1932,1956
1956,1933,282
1970,1934,1964
1964,1934,1942
1964,1942,1951
1980,1935,1965
1965,1936,1997
1973,1943,1944
1944,1958,1966
1958,1910,1945
1912,1937,1945
1914,1939,1921
1923,1915,1948
1931,1949,1915
1940,1950,1931
1997,1936,1971
1981,1936,1952
1981,1952,1972
1972,1943,1973
1973,1944,1982
1966,1958,1957
1945,1959,1958
1945,1937,1953
1929,1921,1938
1921,1946,1938
1921,1939,1968
1939,1947,1968
1930,1923,1947
1915,1955,1948
1949,1962,1915
1949,1931,1962
1931,1950,1962
1964,1951,1979
1979,1951,1980
1971,1936,1981
1982,1944,1966
1945,1960,1959
1945,1953,1960
1938,1961,1937
1947,1954,1968
1923,1948,1947
1915,1962,1955
283,1956,261
261,1956,282
275,282,1941
1941,1963,1989
1980,1965,1997
1999,1981,1972
1966,1957,2005
1957,1958,2006
2006,1958,2007
1958,1974,2007
1958,1959,1974
1953,1937,1976
1938,1946,1961
1921,1967,1946
1921,1968,1967
1948,1955,1947
1962,1950,1969
1989,1963,1970
1990,1970,1991
1970,1964,1991
2001,1972,1973
2003,1982,2005
1982,1966,2005
1968,1977,1967
1947,1978,1954
1947,1955,1978
1955,1962,1978
275,1941,1988
1941,1989,1988
1989,1970,1990
1991,1964,1992
1992,1964,1979
1995,1980,1997
1997,1971,1998
1998,1971,1981
1999,1972,2001
2001,1973,1982
2002,1982,1983
1983,1982,2003
2005,1957,2006
1959,1975,1974
1959,1976,1975
1959,1960,1976
1953,1976,1960
1976,1937,2010
1937,1961,2012
1961,1946,2013
1946,1967,1984
1968,1985,1977
1968,1986,1985
1968,1987,1986
1968,1954,1987
1962,1969,1978
1979,1980,1993
1993,1980,1994
1994,1980,1995
1995,1997,1996
1998,1981,1999
2001,1982,2002
2003,2005,2004
1974,2008,2007
1974,1975,2009
1937,2011,2010
1937,2012,2011
1961,2013,2012
1946,1984,2013
1954,2014,1987
1954,1978,2014
274,1988,1075
1988,1989,1075
1989,1990,1075
1075,1990,1076
1990,1991,1076
1991,1992,1076
1992,1979,1076
1076,1979,1077
1979,1993,1077
1077,1993,1078
1993,1994,1078
1994,1995,1078
1078,1995,1079
1995,1996,1079
1996,1997,1079
1997,1998,1079
1079,1998,1080
1998,1999,1080
1999,2000,1080
1080,2000,1081
2000,1999,1081
1999,2001,1081
1081,2001,1082
2001,2002,1082
1082,2002,1083
2002,1983,1083
1983,2003,1083
1083,2003,1084
2003,2004,1084
2004,2005,1084
1084,2005,1085
2005,2006,1085
2006,2007,1085
1085,2007,1104
1104,2007,1115
2007,1092,1115
2007,2008,1092
2008,1974,1092
1974,2009,1092
2009,1975,1092
1975,1093,1092
1975,1976,1093
1976,1094,1093
1976,1095,1094
1976,2010,1095
2010,1096,1095
2010,2011,1096
2011,1119,1096
2011,2012,1119
2012,1121,1119
2012,2013,1121
2013,1122,1121
2013,1984,1122
1984,1111,1122
1984,1967,1111
1967,1977,1111
1977,1985,1111
1985,1123,1111
1985,1986,1123
1986,1124,1123
1986,1987,1124
1987,1125,1124
1987,2014,1125
2014,1126,1125
2014,1978,1126
1978,1127,1126
1978,2428,1127
312,1054,2015
1021,2020,1054
1021,1028,2020
1006,994,2060
967,938,2016
2016,914,2021
914,904,2021
899,2022,904
873,2018,883
873,859,2018
853,835,2018
835,816,2019
2019,816,2024
2024,816,2033
816,801,2033
801,810,2033
810,793,2033
2033,793,2046
793,779,2046
2046,779,2051
2051,779,2025
779,750,2025
750,761,2025
2025,761,2026
2026,726,2038
2038,726,2027
726,725,2027
725,720,2027
720,674,2027
2027,674,2039
2039,674,2066
2066,674,2053
674,694,2053
694,673,2053
2053,673,2040
2040,673,2068
2068,673,2034
1028,1006,2020
2060,2028,1006
967,2016,994
2016,2021,2030
904,2022,2017
899,883,2022
2018,2023,883
2018,835,2024
835,2019,2024
312,2015,331
1006,2028,2020
2060,994,2029
2021,2031,2030
2021,904,2031
2017,2043,904
2023,2032,883
2023,2018,2032
2018,2024,2032
2045,2033,2046
2025,2026,2051
2037,2026,2038
2065,2027,2039
2068,2034,2057
1054,2055,2015
2020,2041,1054
2029,994,2035
994,2016,2035
2030,2035,2016
904,2043,2031
883,2032,2036
2024,2033,2045
2034,1487,2057
2057,1487,2058
1054,2041,2055
2020,2042,2041
2020,2028,2042
2030,2031,2035
2022,2044,2017
2022,883,2044
883,2036,2044
2046,2051,2050
2051,2026,2063
2026,2037,2063
2037,2038,2093
2093,2038,2052
2038,2027,2052
2052,2027,2065
2053,2040,2067
2067,2040,2068
2015,2055,331
2028,2060,2042
2029,2035,2060
2031,2049,2035
2031,2043,2049
2043,2017,2073
2017,2044,2056
2032,2024,2036
2045,2050,2024
2045,2046,2050
2058,1470,2081
2081,1470,2074
339,331,2059
331,2055,2054
2042,2047,2041
2035,2049,2048
2017,2056,2073
2050,2051,2078
2078,2051,2063
2063,2037,2093
2052,2065,2064
2065,2039,2094
2094,2039,2066
2066,2053,2079
2079,2053,2067
2068,2057,2080
331,2054,2059
2055,2041,2084
2060,2035,2076
2048,2061,2035
2043,2072,2049
2043,2073,2072
2056,2062,2073
2056,2044,2062
2044,2036,2062
2036,2024,2077
2024,2050,2077
2080,2057,2081
2057,2058,2081
2074,1456,1450
339,2059,2069
2042,2060,2047
2035,2061,2076
2048,2070,2061
2048,2071,2070
2048,2072,2071
2048,2049,2072
2062,2036,2077
2077,2050,2078
2078,2063,2097
2097,2063,2093
2093,2052,2064
2064,2065,2094
2094,2066,2079
2079,2067,2080
2067,2068,2080
2074,1450,1430
339,2075,354
339,2069,2075
2054,2055,2084
2041,2047,2087
2060,2076,2047
2076,2061,2070
2072,2073,2085
2073,2062,2077
2097,2093,2103
2081,2074,2086
354,2098,364
354,2075,2098
2059,2054,2083
2041,2087,2084
2047,2088,2087
2047,2076,2088
2071,2072,2085
2103,2093,2104
2093,2064,2110
2079,2080,2123
2123,2080,2114
2074,1430,2105
2105,1430,1439
364,2098,2095
2059,2082,2069
2054,2084,2083
2071,2085,2070
2070,2085,2089
2085,2073,2090
2073,2091,2090
2073,2077,2091
2077,2092,2091
2077,2078,2092
2078,2097,2092
2092,2097,2102
2094,2079,2122
2114,2080,2137
2137,2080,2129
2080,2081,2129
2129,2081,2130
2081,2086,2130
2086,2074,2130
2130,2074,2105
364,2095,371
2083,2082,2059
2087,2099,2084
2087,2088,2096
2088,2076,2096
2085,2090,2108
2102,2097,2103
2104,2093,2110
2110,2064,2122
2064,2094,2122
2122,2079,2123
2113,2123,2114
2105,1439,2115
371,2095,2116
2075,2069,2098
2084,2099,2083
2087,2096,2100
2070,2106,2076
2089,2101,2070
2070,2101,2107
2089,2085,2101
2091,2092,2102
2135,2103,2104
2114,2137,2113
2129,2130,2159
1439,1421,2115
371,2124,379
371,2116,2124
2098,2116,2095
2100,2119,2087
2070,2107,2106
2090,2091,2108
2091,2109,2108
2103,2135,2121
2104,2110,2135
2130,2105,2115
2115,1421,1387
379,2124,2131
2069,2082,2111
2083,2142,2082
2099,2119,2083
2087,2119,2099
2076,2120,2096
2076,2106,2120
2091,2102,2109
2103,2121,2102
2128,2122,2123
2130,2115,2151
2069,2147,2098
2069,2111,2147
2082,2117,2111
2082,2112,2117
2083,2118,2142
2083,2119,2118
2119,2100,2125
2096,2120,2100
2107,2101,2132
2085,2108,2101
2109,2102,2108
2108,2102,2121
2135,2110,2128
2128,2110,2122
2136,2128,2123
2123,2113,2150
2151,2115,2145
2152,2115,2153
2115,1387,2153
379,2131,393
2098,2147,2116
2100,2120,2125
2106,2107,2132
2132,2101,2126
2101,2108,2134
2108,2121,2127
2136,2123,2150
2182,2113,2137
2160,2159,2130
2145,2115,2152
2153,1387,2176
2176,1387,2146
393,2131,2138
2116,2141,2124
2116,2147,2141
2082,2142,2112
2118,2119,2142
2119,2125,2142
2106,2132,2120
2120,2132,2125
2101,2134,2126
2108,2127,2134
2127,2121,2135
2161,2150,2113
2137,2129,2159
2160,2130,2151
393,2138,385
2124,2140,2131
2111,2117,2147
2142,2125,2143
2125,2132,2157
2132,2126,2157
2135,2144,2127
2135,2128,2144
2128,2136,2144
2182,2137,2159
2174,2159,2160
2162,2145,2152
385,2138,394
2139,2155,2131
2131,2140,2139
2125,2157,2143
2157,2126,2148
2126,2133,2148
2126,2149,2133
2126,2134,2149
2134,2127,2158
2144,2136,2150
2161,2113,2182
2151,2145,2162
2176,2146,2183
2138,2131,2154
2131,2155,2154
2140,2124,2156
2124,2141,2156
2112,2166,2117
2142,2166,2112
2142,2143,2167
2157,2148,2168
2133,2179,2148
2133,2149,2179
2134,2158,2149
2127,2144,2158
2150,2161,2144
2152,2153,2176
2146,1366,2183
2147,2165,2141
2117,2166,2147
2142,2167,2166
2149,2158,2144
2171,2144,2161
2161,2182,2173
2182,2159,2174
2160,2151,2175
2175,2151,2204
2204,2151,2162
2183,1366,2184
2138,2177,394
2138,2154,2177
2154,2155,2164
2155,2139,2164
2140,2156,2139
2141,2165,2156
2147,2166,2165
2157,2168,2143
2148,2179,2199
2179,2149,2169
2149,2170,2169
2149,2144,2170
2170,2144,2171
2171,2161,2172
2172,2161,2173
2181,2182,2174
2181,2174,2160
2162,2152,2190
2152,2176,2190
394,2177,2163
2164,2194,2154
2156,2196,2139
2143,2168,2167
2167,2168,2178
2168,2148,2178
2179,2200,2180
2179,2169,2200
2171,2172,2181
2172,2173,2182
2160,2175,2203
2203,2175,2204
2190,2176,2183
2210,2184,1339
407,401,418
394,2185,401
394,2163,2185
2163,2177,2154
2154,2194,2185
2164,2139,2194
2165,2186,2156
2165,2166,2186
2166,2167,2198
2178,2187,2167
2148,2199,2178
2179,2180,2199
2171,2181,2170
2172,2182,2181
2181,2160,2202
2202,2160,2203
2204,2162,2205
2192,2183,2210
2183,2184,2210
418,401,423
401,2185,423
2163,2154,2185
2195,2194,2139
2196,2156,2218
2156,2186,2197
2186,2166,2197
2166,2198,2197
2167,2187,2198
2207,2178,2208
2178,2188,2208
2169,2170,2200
2170,2189,2200
2170,2181,2189
2205,2162,2206
2206,2162,2190
2190,2183,2191
2191,2183,2192
2210,1339,2211
2195,2139,2196
2156,2219,2218
2156,2197,2219
2187,2178,2207
2178,2199,2188
2189,2181,2201
2181,2202,2201
2191,2192,2210
2211,1339,2236
2185,2193,423
423,2193,2209
2185,2195,2193
2185,2194,2195
2195,2196,2240
2187,2207,2198
2180,2222,2199
2200,2213,2180
2200,2189,2213
2202,2203,2201
2203,2226,2201
2203,2204,2226
2204,2205,2226
2205,2206,2214
2206,2190,2214
2190,2191,2214
2214,2191,2227
2215,2210,2211
2236,1339,1314
2207,2230,2198
2188,2199,2222
2180,2213,2222
2205,2214,2226
2227,2191,2215
2191,2210,2215
426,445,410
423,2209,426
2193,2195,2212
2219,2197,2220
2198,2230,2197
2230,2207,2208
2231,2208,2188
2188,2222,2221
2215,2211,2234
426,2209,445
2193,2240,2209
2193,2212,2240
2212,2195,2240
2239,2196,2218
2230,2208,2231
2222,2213,2224
2189,2201,2225
2233,2226,2214
2233,2214,2255
2255,2214,2227
2227,2215,2228
2236,1314,2237
445,2209,2216
2209,2240,2217
2240,2196,2239
2239,2218,2229
2229,2218,2220
2218,2219,2220
2231,2188,2265
2188,2221,2265
2221,2222,2265
2222,2245,2265
2222,2223,2245
2222,2224,2223
2213,2189,2224
2189,2225,2232
2225,2201,2232
2201,2226,2232
2232,2226,2233
2228,2215,2234
2234,2211,2235
2211,2236,2235
2237,1314,1322
445,2216,456
456,2216,2238
2209,2217,2216
2217,2240,2239
2220,2197,2269
2197,2230,2269
2230,2231,2248
2231,2265,2272
2223,2224,2241
2227,2256,2255
2235,2236,2242
2237,1322,1300
456,2238,2243
2216,2217,2244
2217,2239,2229
2229,2220,2269
2269,2230,2262
2262,2230,2248
2248,2231,2271
2223,2241,2249
2250,2224,2189
2189,2232,2251
2251,2232,2233
2228,2234,2259
2234,2235,2260
2236,2246,2242
2236,2237,2246
2243,2247,456
2238,2216,2243
2243,2216,2247
2216,2244,2247
2217,2229,2244
2271,2231,2272
2265,2245,2273
2273,2245,2223
2273,2223,2249
2241,2224,2250
2250,2189,2251
2251,2233,2252
2233,2253,2252
2253,2233,2254
2254,2233,2255
2256,2227,2257
2257,2227,2228
2228,2259,2258
2234,2260,2259
2235,2242,2260
2246,2237,1299
456,2247,2266
2244,2261,2247
2244,2229,2261
2261,2229,2269
2262,2248,2263
2263,2248,2271
2272,2265,2264
2241,2250,2249
2253,2254,2252
2256,2257,2255
2228,2258,2257
2246,1275,2242
2246,1299,1275
2247,2261,2268
2268,2261,2269
2288,2269,2262
2273,2249,2291
2251,2252,2294
2252,2254,2280
2255,2274,2254
2255,2257,2274
2258,2281,2257
2259,2282,2258
2242,2275,2260
2242,1275,2275
456,2266,467
2266,2247,467
467,2247,2297
2247,2267,2297
2268,2269,2288
2288,2262,2270
2271,2272,2263
2263,2272,2276
2276,2272,2277
2272,2278,2277
2272,2264,2278
2250,2284,2249
2250,2251,2284
2252,2285,2294
2254,2274,2280
2275,2286,2260
2275,1275,2286
2297,2267,2283
2267,2247,2288
2268,2288,2247
2288,2270,2289
2262,2263,2270
2264,2265,2278
2265,2290,2278
2265,2273,2290
2279,2300,2273
2273,2291,2279
2291,2249,2284
2252,2280,2285
2257,2281,2274
2282,2310,2258
2260,2296,2259
2260,2286,2296
472,467,2297
2297,2283,2287
2267,2288,2283
2288,2289,2313
2270,2263,2276
2277,2278,2299
2290,2273,2300
2251,2285,2284
2251,2294,2285
2280,2307,2285
2280,2274,2295
2258,2310,2281
2259,2296,2282
2297,2287,2311
2283,2288,2321
2321,2288,2313
2270,2276,2298
2276,2277,2322
2278,2290,2300
2284,2285,2293
2295,2274,2301
2281,2309,2274
2281,2310,2309
2296,2286,1268
2311,2287,2330
2330,2287,2312
2287,2283,2302
2289,2270,2313
2313,2270,2314
2270,2298,2314
2298,2276,2322
2277,2299,2320
2299,2278,2303
2278,2300,2303
2279,2305,2304
2279,2291,2305
2291,2292,2305
2284,2293,2291
2293,2285,2306
2295,2308,2280
2274,2309,2301
2282,2296,2310
2296,1268,2310
2287,2302,2312
2302,2283,2321
2321,2313,2314
2322,2277,2320
2353,2299,2303
2300,2279,2303
2291,2324,2292
2291,2293,2324
2285,2307,2316
2280,2326,2307
2280,2308,2326
2295,2301,2308
2301,2309,2317
2310,2317,2309
2310,2318,2317
2310,1268,2318
478,2311,2329
2311,2330,2329
2302,2321,2312
2298,2322,2314
2320,2299,2322
2322,2299,2331
2299,2353,2331
2303,2332,2336
2303,2279,2332
2279,2304,2332
2305,2292,2315
2293,2306,2324
2316,2325,2285
2307,2326,2325
2330,2312,2341
2312,2319,2335
2312,2321,2319
2321,2314,2344
2314,2350,2344
2304,2315,2332
2304,2305,2315
2315,2292,2324
2285,2325,2306
2316,2307,2325
2301,2317,2327
478,2329,491
2341,2312,2335
2319,2321,2335
2335,2321,2343
2350,2314,2351
2314,2322,2351
2351,2322,2331
2359,2331,2353
2303,2336,2353
2332,2315,2323
2324,2306,2333
2325,2326,2334
2326,2308,2334
2301,2327,2308
2317,2328,2327
2328,2317,1225
491,2329,517
2329,2330,517
517,2330,2341
2335,2343,2362
2343,2321,2344
2353,2336,2365
2332,2323,2337
2315,2346,2323
2315,2324,2346
2333,2338,2324
2306,2339,2333
2306,2325,2339
2334,2347,2325
2328,1203,2327
2328,1225,1203
2341,2335,2342
2342,2335,2361
2361,2335,2362
2345,2351,2331
2359,2353,2364
2365,2336,2383
2336,2366,2383
2336,2332,2366
2323,2346,2354
2324,2338,2346
2325,2340,2339
2325,2347,2340
2308,2348,2334
2308,2327,2348
2341,2342,517
2362,2343,2380
2358,2343,2349
2343,2344,2349
2349,2344,2350
2351,2345,2352
2345,2331,2352
2352,2331,2359
2332,2337,2366
2323,2354,2337
2346,2355,2354
2333,2356,2338
2334,2348,2347
2327,1228,2348
2327,1203,1228
517,2342,520
520,2342,2361
2343,2358,2380
2350,2351,2363
2351,2372,2363
2351,2352,2372
2352,2359,2372
2364,2353,2365
2337,2354,2374
2338,2370,2346
2333,2339,2356
2340,2360,2339
2340,2347,2360
2347,2348,2357
2348,1202,2357
2348,1228,1202
2358,2349,2380
2380,2349,2399
2349,2350,2399
2372,2359,2381
2381,2359,2364
2366,2337,2367
2367,2337,2368
2368,2337,2374
2354,2355,2369
2355,2346,2370
2357,2371,2347
520,2361,530
530,2361,547
2361,2362,547
2399,2350,2389
2350,2363,2389
2365,2382,2364
2365,2383,2382
2383,2366,2373
2366,2386,2385
2366,2367,2386
2354,2375,2374
2354,2369,2375
2356,2376,2338
2356,2377,2376
2356,2378,2377
2356,2339,2378
2339,2360,2378
2347,2379,2360
2347,2371,2379
2357,1165,2371
2357,1202,1165
547,2362,553
2363,2372,2381
2364,2382,2400
2383,2373,2384
2366,2385,2373
2367,2368,2386
2355,2370,2387
2362,2380,567
567,2380,2399
2399,2389,2388
2409,2389,2410
2363,2381,2389
2389,2381,2410
2381,2364,2410
2410,2364,2400
2400,2382,2390
2382,2383,2390
2383,2412,2390
2383,2384,2412
2368,2374,2394
2374,2375,2394
2369,2355,2391
2355,2387,2391
2338,2376,2370
2360,2379,2378
2371,1165,2379
553,2362,567
2414,2399,2388
2388,2389,2409
2386,2392,2385
2386,2368,2393
2368,2394,2393
2369,2395,2375
2369,2391,2395
2370,2397,2387
2376,2377,2370
2379,2398,2378
2379,1165,2398
2421,2414,2388
2408,2388,2409
2411,2410,2400
2425,2385,2401
2385,2402,2401
2385,2392,2402
2393,2394,2403
2394,2375,2404
2375,2395,2404
2387,2405,2391
2387,2406,2405
2387,2396,2406
2387,2397,2396
2370,2407,2397
2370,2377,2407
2378,2407,2377
2378,2398,2407
567,2399,2414
2442,2388,2408
2408,2409,2410
2400,2390,2422
2390,2412,2431
2431,2412,2423
2412,2384,2453
2453,2384,2373
2373,2385,2424
2424,2385,2425
2386,2393,2392
2394,2413,2403
2394,2404,2413
2415,2421,2388
2408,2410,2444
2444,2410,2445
2445,2410,2446
2410,2411,2446
2422,2390,2431
2395,2420,2404
2395,2391,2420
2391,2405,2420
2396,2397,2459
2407,1159,2429
2407,2398,1159
567,2414,596
596,2414,2421
2388,2442,2439
2442,2408,2430
2430,2408,2444
1723,2373,2424
2425,2401,2432
2432,2401,2433
2433,2401,2416
2401,2402,2417
2402,2392,2417
2392,2393,2418
2393,2403,2418
2404,2419,2413
2415,2388,2439
2439,2442,2440
2423,2412,2453
2453,2373,1723
2454,2424,2425
2416,2401,2426
2392,2418,2417
2413,2419,2403
2404,2427,2419
2404,2420,2427
2405,2436,2420
2405,2406,2436
2397,2428,2459
2397,2407,2428
2429,1159,1113
596,2421,595
595,2421,2415
2443,2430,2444
2411,2400,2448
2448,2400,2449
2400,2422,2449
2451,2422,2431
1723,2424,2454
1753,2432,2433
2401,2417,2426
2418,2434,2417
2418,2403,1904
2403,2435,1904
2403,2419,2435
2406,2396,2436
2407,2437,2428
2407,2429,2437
2429,1105,2437
2429,1113,1105
595,2415,2438
2440,2442,2441
2442,2430,2443
2446,2411,2447
2447,2411,2448
2449,2422,2450
2450,2422,2451
2451,2431,2452
2431,2423,2453
2453,1723,1716
2425,2432,1753
2433,2416,2455
2416,2456,2455
2426,2457,2416
2417,2434,1881
2427,2458,2419
2420,2436,2427
2396,2459,2436
2437,1105,2428
595,2438,1572
2438,2415,1572
1572,2415,1586
2415,2439,1586
2439,2440,1586
1586,2440,1606
2440,2441,1606
1606,2441,1615
2441,2442,1615
1615,2442,1620
2442,2443,1620
2443,2444,1620
1620,2444,1640
2444,2445,1640
1640,2445,1624
2445,2446,1624
1624,2446,1641
2446,2447,1641
1641,2447,1655
2447,2448,1655
2448,2449,1655
2449,2450,1655
1655,2450,1669
2450,2451,1669
2451,2452,1669
1669,2452,1693
2452,2431,1693
1693,2431,1705
1705,2431,1716
2431,2453,1716
1723,2454,1753
2454,2425,1753
1753,2433,1743
1743,2433,1779
2433,1778,1779
2433,2455,1778
2455,1805,1799
2455,2456,1805
2456,1836,1805
2456,2416,1836
2416,1846,1836
2416,2457,1846
2426,2417,2457
2434,2418,1881
2418,1855,1881
2418,1904,1855
2435,1908,1904
2435,2419,1908
2419,1917,1908
2419,1924,1917
2419,2458,1924
2458,1927,1924
2458,2427,1927
2427,1940,1927
2427,2436,1940
2436,1950,1940
2436,1969,1950
2436,2459,1969
2459,1978,1969
2459,2428,1978
2428,1105,1127
