0.0,29.788800000000002,312.61499999999995,190.195
0.0,-8.16267,304.15999999999997,195.619
0.0,-48.3391,286.607,202.401
0.0,-101.676,276.225,197.17399999999998
0.0,-98.4102,242.511,215.671
0.0,-114.235,232.86499999999998,215.594
0.0,-131.443,249.352,202.215
0.0,-155.66299999999998,243.453,195.987
0.0,-26.4537,281.373,208.583
0.0,-47.285399999999996,256.024,220.331
0.0,-129.578,231.345,211.07999999999998
0.0,-166.806,218.07999999999998,202.946
0.0,-171.291,214.809,202.32
0.0,-171.708,195.499,210.24599999999998
0.0,-183.591,184.523,208.788
0.0,-198.98399999999998,192.227,197.22799999999998
0.0,-197.426,177.422,203.967
0.0,-223.054,171.813,189.86
0.0,-237.731,142.16799999999998,189.163
0.0,-80.33160000000001,243.21,219.565
0.0,50.4984,306.83700000000005,193.286
0.0,2.63215,263.978,221.569
0.0,-157.119,216.75300000000001,207.753
0.0,43.3242,264.54299999999995,220.325
0.0,-25.588900000000002,253.295,224.958
0.0,-41.2108,241.553,228.623
0.0,-74.83879999999999,223.34,229.39499999999998
0.0,-113.763,201.624,227.449
0.0,82.9987,293.76000000000005,198.567
0.0,8.98135,254.29800000000003,226.85
0.0,-175.533,177.195,214.301
0.0,-216.34400000000002,158.17800000000003,199.077
0.0,-254.546,116.403,182.521
0.0,-277.882,86.92790000000001,167.94500000000002
0.0,-24.8603,201.11499999999998,247.984
0.0,-145.012,194.86700000000002,220.32399999999998
0.0,-276.96,51.4686,169.922
0.0,-67.69659999999999,201.035,239.436
0.0,-92.6216,202.952,232.693
0.0,-17.263299999999997,205.604,245.851
0.0,-46.603899999999996,193.199,245.805
0.0,-108.893,170.70499999999998,237.789
0.0,-135.835,171.389,230.275
0.0,-160.89800000000002,168.02700000000002,223.549
0.0,-199.755,142.467,212.664
0.0,-226.992,127.301,200.273
0.0,-221.50400000000002,99.2252,206.453
0.0,-254.87199999999999,98.20700000000001,185.575
0.0,-249.37699999999998,83.6361,190.191
0.0,94.3437,278.126,207.65200000000002
0.0,-71.9249,178.573,244.657
0.0,-108.444,163.52,239.69899999999998
0.0,74.98649999999999,246.879,226.28300000000002
0.0,-1.51006,207.55599999999998,245.45
0.0,-252.86599999999999,51.7458,188.724
0.0,130.826,265.02799999999996,211.66
0.0,88.0099,237.892,228.94
0.0,42.4062,212.667,242.89600000000002
0.0,3.3655299999999997,200.83200000000002,247.984
0.0,-112.65899999999999,154.449,240.724
0.0,75.1655,240.928,229.054
0.0,-111.681,142.97899999999998,243.589
0.0,-156.929,149.587,229.28799999999998
0.0,-145.341,128.59699999999998,236.547
0.0,-181.472,131.566,223.583
0.0,-172.51500000000001,109.192,229.47699999999998
0.0,-184.6,86.0736,226.56699999999998
0.0,-205.098,72.95100000000001,217.923
0.0,104.95,225.591,233.224
0.0,102.018,228.077,231.853
0.0,3.7529,193.905,250.26399999999998
0.0,-81.5254,140.026,251.172
0.0,-207.74,56.8774,216.972
0.0,84.3366,192.519,245.488
0.0,53.561,194.708,247.337
0.0,14.914800000000001,183.364,252.477
0.0,-224.275,41.090799999999994,207.036
0.0,-259.449,23.5273,183.884
0.0,43.452,182.634,251.1
0.0,-62.2435,146.43200000000002,254.122
0.0,131.644,216.264,233.338
0.0,-1.32215,136.813,261.129
0.0,-123.567,103.02600000000001,246.863
0.0,-154.43200000000002,85.6493,238.352
0.0,-219.058,28.7442,209.72199999999998
0.0,-252.998,6.70195,187.566
0.0,-254.46800000000002,-16.082099999999997,183.408
0.0,-19.5783,105.436,265.241
0.0,-18.571399999999997,173.098,255.24599999999998
0.0,-80.9575,113.50699999999999,255.96799999999996
0.0,29.1415,153.147,258.33299999999997
0.0,-101.90100000000001,90.4962,253.837
0.0,-170.154,53.8907,233.367
0.0,-51.1977,102.416,262.363
0.0,-244.863,-10.0286,191.59799999999998
0.0,105.01,176.671,247.483
0.0,-100.44200000000001,76.6367,255.596
0.0,-112.414,71.12400000000001,252.782
0.0,-148.9,65.6972,241.727
0.0,-138.934,53.692,245.065
0.0,-182.777,41.247899999999994,228.216
0.0,143.507,203.31,233.377
0.0,84.6537,159.63,252.38899999999998
0.0,15.0955,123.66499999999999,262.46799999999996
0.0,-72.0287,81.4631,261.301
0.0,-154.757,21.4601,238.77499999999998
0.0,-201.21800000000002,3.3310700000000004,218.20899999999997
0.0,47.8926,129.226,259.97900000000004
0.0,-235.491,-30.7055,194.169
0.0,150.01999999999998,152.601,244.169
0.0,115.568,171.033,248.06300000000002
0.0,3.21412,78.85119999999999,266.62
0.0,8.13824,111.044,264.93100000000004
0.0,175.966,187.99099999999999,222.365
0.0,35.1252,85.73989999999999,264.972
0.0,-194.918,2.30002,220.89700000000002
0.0,136.824,157.739,246.499
0.0,62.55760000000001,97.0092,262.428
0.0,-41.5005,74.8167,265.924
0.0,-86.3676,51.9612,260.183
0.0,-123.586,28.795399999999997,249.846
0.0,-215.208,-37.991299999999995,205.107
0.0,103.577,102.833,257.897
0.0,-138.078,-4.68473,242.51600000000002
0.0,-185.85,-15.3846,223.01399999999998
0.0,-226.11999999999998,-51.0389,194.926
0.0,193.915,186.025,213.992
0.0,157.162,153.109,241.364
0.0,60.7121,81.563,263.07000000000005
0.0,6.59359,62.3165,266.151
0.0,-105.437,28.6673,255.90800000000002
0.0,-214.577,-67.0502,196.653
0.0,-44.5041,49.7346,266.091
0.0,-94.6323,25.0673,258.112
0.0,-157.607,-31.948699999999995,231.597
0.0,-221.659,-80.16860000000001,187.203
0.0,182.538,139.202,232.554
0.0,142.9,110.285,250.303
0.0,86.7436,76.37230000000001,260.912
0.0,-69.14489999999999,-7.89768,258.188
0.0,-115.802,-4.56917,249.87699999999998
0.0,-135.078,-36.0641,239.50199999999998
0.0,-177.647,-70.8646,213.969
0.0,-225.639,-90.9683,180.135
0.0,-77.42970000000001,-40.289699999999996,251.96400000000003
0.0,-133.44,-62.6786,234.078
0.0,-168.92499999999998,-45.053599999999996,224.835
0.0,-210.05599999999998,-70.0834,198.21
0.0,-36.5044,24.618199999999998,264.60699999999997
0.0,-64.5992,4.955539999999999,260.812
0.0,-116.81,-60.4518,239.08599999999998
0.0,-153.181,-71.3486,224.14600000000002
0.0,-182.911,-88.5231,205.424
0.0,-218.63,-93.8677,183.48000000000002
0.0,23.1921,51.0322,264.709
0.0,106.046,87.41409999999999,258.472
0.0,101.578,36.1635,258.514
0.0,-98.3991,-65.9095,242.803
0.0,-180.758,-99.82820000000001,202.40800000000002
0.0,224.458,149.557,199.76
0.0,-16.0794,9.13637,262.03700000000003
0.0,-157.637,-97.13589999999999,214.15200000000002
0.0,-229.657,-108.49000000000001,169.738
0.0,126.914,80.6922,255.48399999999998
0.0,-35.4815,-28.894099999999998,256.875
0.0,-100.32900000000001,-78.60390000000001,239.153
0.0,-203.579,-116.618,182.931
0.0,202.50799999999998,118.634,224.581
0.0,178.732,102.118,239.864
0.0,166.408,78.83070000000001,245.19
0.0,86.2976,11.1751,257.193
0.0,-51.5888,-67.90169999999999,249.688
0.0,-118.69300000000001,-104.834,225.965
0.0,132.11,45.7411,254.734
0.0,32.843700000000005,0.918195,258.395
0.0,-5.1850000000000005,-36.425399999999996,255.19199999999998
0.0,-27.7454,-81.53,248.48000000000002
0.0,-73.18560000000001,-81.4641,244.108
0.0,-146.434,-113.609,212.489
0.0,-165.529,-139.738,193.48000000000002
0.0,-177.501,-139.327,187.472
0.0,190.39000000000001,105.407,233.21900000000002
0.0,-12.679400000000001,-80.4855,248.781
0.0,-62.193400000000004,-96.3949,241.91
0.0,-195.99800000000002,-141.687,175.823
0.0,161.09599999999998,53.9633,247.19299999999998
0.0,133.161,4.04157,251.02799999999996
0.0,-94.04350000000001,-104.717,232.993
0.0,-157.065,-153.98000000000002,190.378
0.0,197.117,82.2015,230.51
0.0,22.6564,-62.8293,250.382
0.0,0.180829,-75.6897,249.38299999999998
0.0,14.6025,-83.08160000000001,247.382
0.0,-39.415400000000005,-112.971,239.733
0.0,-111.42299999999999,-132.87699999999998,217.04399999999998
0.0,-133.95499999999998,-140.951,205.91
0.0,133.806,4.60691,252.10700000000003
0.0,81.7017,-15.577300000000001,254.20399999999998
0.0,60.4408,-37.8014,252.103
0.0,-77.5793,-134.99,225.226
0.0,-98.35549999999999,-123.09100000000001,225.196
0.0,187.904,63.960699999999996,236.47799999999998
0.0,119.84599999999999,-11.3849,251.17099999999996
0.0,-28.964899999999997,-105.178,242.622
0.0,228.509,80.8446,211.291
0.0,168.97699999999998,33.7785,244.699
0.0,80.32400000000001,-45.7984,249.54299999999998
0.0,-23.998700000000003,-118.728,238.66000000000003
0.0,-136.02900000000002,-160.581,195.229
0.0,213.404,49.754,222.744
0.0,178.22299999999998,23.9322,239.741
0.0,32.3033,-111.60000000000001,238.702
0.0,2.40478,-104.42800000000001,243.144
0.0,-98.9792,-154.801,210.24699999999999
0.0,-111.606,-158.452,204.77300000000002
0.0,-159.67999999999998,-175.495,176.998
0.0,132.55700000000002,-23.5701,248.34
0.0,126.09899999999999,-45.271300000000004,244.685
0.0,124.878,-46.1443,244.703
0.0,61.315599999999996,-80.0314,244.143
0.0,-47.781200000000005,-142.191,227.221
0.0,-153.458,-173.534,180.815
0.0,173.49800000000002,19.1439,241.562
0.0,134.986,-12.3942,249.591
0.0,-17.8731,-137.734,232.636
0.0,-36.0661,-142.85500000000002,228.439
0.0,-68.7566,-161.465,214.134
0.0,-56.7261,-148.83599999999998,223.14000000000001
0.0,250.70399999999998,44.945899999999995,200.94400000000002
0.0,186.999,6.43645,235.546
0.0,-124.07799999999999,-186.429,184.934
0.0,35.9635,-121.369,235.08100000000002
0.0,-101.086,-184.04999999999998,193.193
0.0,-133.496,-177.043,186.978
0.0,254.18200000000002,31.0267,199.3
0.0,-65.3937,-190.384,198.291
0.0,-181.198,-195.494,152.377
0.0,209.372,6.22402,224.811
0.0,21.4591,-152.472,224.002
0.0,-148.19199999999998,-195.113,169.13400000000001
0.0,213.51999999999998,-9.340599999999998,221.696
0.0,67.64789999999999,-115.108,232.014
0.0,-8.65572,-175.278,214.41299999999998
0.0,276.87600000000003,17.1586,188.5
0.0,192.821,-44.5002,225.73399999999998
0.0,-49.641,-197.48,197.156
0.0,-115.46900000000001,-212.721,168.912
0.0,176.009,-68.7026,224.83700000000002
0.0,107.13399999999999,-97.26849999999999,231.396
0.0,61.7633,-131.332,226.561
0.0,44.386700000000005,-172.16799999999998,212.317
0.0,11.5727,-179.043,212.293
0.0,-91.0227,-212.39,176.72
0.0,263.06600000000003,-1.36164,196.055
0.0,142.775,-55.637100000000004,239.592
0.0,62.305899999999994,-192.811,199.92
0.0,-27.579900000000002,-216.173,189.281
0.0,217.348,-36.208,217.201
0.0,129.363,-98.70859999999999,225.76
0.0,-54.7862,-217.723,182.394
0.0,-88.25189999999999,-225.928,167.22699999999998
0.0,287.28,-27.3938,187.154
0.0,241.904,-50.655899999999995,203.958
0.0,45.6704,-212.145,193.825
0.0,31.2317,-205.202,198.75799999999998
0.0,11.2515,-214.07399999999998,194.652
0.0,-101.422,-227.218,161.737
0.0,175.807,-42.3277,232.965
0.0,151.995,-67.2677,233.23499999999999
0.0,184.807,-109.694,204.72000000000003
0.0,123.496,-121.31599999999999,216.382
0.0,118.821,-135.80800000000002,210.428
0.0,88.1168,-197.118,192.638
0.0,30.2702,-218.625,192.12199999999999
0.0,4.67668,-229.363,185.495
0.0,-113.48,-226.3,158.20000000000002
0.0,134.179,-158.913,194.699
0.0,98.0684,-126.05,220.66
0.0,87.1605,-153.601,211.007
0.0,70.2778,-190.386,199.272
0.0,11.1065,-227.67399999999998,186.578
0.0,300.913,-38.544000000000004,180.79700000000003
0.0,262.861,-71.5209,191.143
0.0,244.203,-87.7668,193.494
0.0,220.368,-112.28,192.298
0.0,217.071,-103.862,197.12099999999998
0.0,202.03199999999998,-157.065,175.85
0.0,176.716,-126.25,198.741
0.0,151.482,-153.704,191.73499999999999
0.0,138.21900000000002,-152.828,196.281
0.0,117.927,-159.56,199.672
0.0,107.457,-178.75,195.369
0.0,40.440999999999995,-222.551,188.595
0.0,-7.707420000000001,-248.314,168.683
0.0,-25.7852,-242.54500000000002,169.68
0.0,-39.7404,-244.24599999999998,165.05
0.0,-315.00800000000004,94.6689,130.452
0.0,-329.04299999999995,93.6412,112.753
0.0,-338.95799999999997,96.0492,97.72019999999999
0.0,-352.912,85.36720000000001,75.1854
0.0,-358.65799999999996,99.8284,59.568799999999996
0.0,-372.014,93.6648,25.1707
0.0,-374.324,110.39,5.68225
0.0,-377.218,107.03,-6.152089999999999
0.0,-310.376,69.0386,137.78099999999998
0.0,-342.297,62.330200000000005,95.4879
0.0,-364.408,70.3296,52.4336
0.0,-377.19399999999996,58.1873,19.3863
0.0,-320.40200000000004,64.9942,126.997
0.0,-379.03700000000003,103.499,-13.5507
0.0,-384.03700000000003,87.2547,-42.9017
0.0,-379.51,101.961,-76.183
0.0,-377.645,88.14829999999999,-96.6865
0.0,-365.356,100.58699999999999,-129.011
0.0,-305.438,39.6797,143.02
0.0,-326.527,64.137,118.363
0.0,-301.95,34.4941,146.471
0.0,-377.093,95.7085,5.07904
0.0,-345.558,94.3398,-170.87800000000001
0.0,-360.937,20.1961,61.2139
0.0,-370.014,33.4753,40.7107
0.0,-373.94300000000004,35.1582,29.944100000000002
0.0,-378.675,49.6069,13.278500000000001
0.0,-360.603,60.0584,-152.715
0.0,-333.652,41.9268,-203.024
0.0,-383.425,85.8385,-25.3622
0.0,-383.96000000000004,67.0753,-18.1972
0.0,-375.63,69.0658,-111.497
0.0,-371.43399999999997,71.52600000000001,-123.279
0.0,-361.372,101.72,-139.18900000000002
0.0,-346.649,79.5574,-173.875
0.0,-291.377,30.3681,156.476
0.0,-359.57099999999997,7.42307,62.51239999999999
0.0,-343.007,26.809199999999997,93.0191
0.0,-383.961,27.934,-90.0807
0.0,-292.645,13.6357,154.386
0.0,-352.24,26.8891,77.91420000000001
0.0,-370.938,26.508899999999997,37.7082
0.0,-385.20300000000003,54.514399999999995,-17.5401
0.0,-330.226,-1.2966099999999998,109.234
0.0,-343.097,-9.5434,88.9167
0.0,-357.16900000000004,-10.6012,63.400999999999996
0.0,-378.99699999999996,27.1493,12.818299999999999
0.0,-385.228,30.6581,-16.8619
0.0,-388.032,41.5303,-52.523
0.0,-386.915,47.9075,-65.5698
0.0,-386.57000000000005,21.2396,-73.4326
0.0,-380.041,12.225700000000002,-114.271
0.0,-288.57,4.37008,157.45899999999997
0.0,-379.133,5.346830000000001,9.15986
0.0,-367.416,15.8754,-150.54500000000002
0.0,-303.987,0.839456,141.131
0.0,-314.663,-9.04163,127.56700000000001
0.0,-326.06600000000003,-1.56419,114.486
0.0,-373.75399999999996,-6.11764,23.330199999999998
0.0,-387.89099999999996,15.7968,-40.9738
0.0,-342.04400000000004,18.611900000000002,-196.62099999999998
0.0,-280.784,-6.24755,163.28400000000002
0.0,-293.754,-2.65389,151.68
0.0,-340.19,-26.3866,88.9355
0.0,-380.49899999999997,9.145769999999999,3.75622
0.0,-358.82599999999996,5.125979999999999,-170.467
0.0,-339.269,9.33572,-201.263
0.0,-347.97099999999995,-23.6017,76.16199999999999
0.0,-386.536,-19.849,-47.0297
0.0,-386.91999999999996,-33.6903,-61.788000000000004
0.0,-371.88,-15.0636,-141.436
0.0,-358.894,-18.663800000000002,-167.547
0.0,-336.534,-6.28758,-204.093
0.0,-281.165,-20.8374,160.736
0.0,-309.966,-32.236000000000004,128.50300000000001
0.0,-319.376,-28.6462,117.394
0.0,-335.033,-48.7393,89.068
0.0,-331.00600000000003,-30.3912,101.726
0.0,-361.588,-32.4548,45.487399999999994
0.0,-368.613,-30.128,27.5663
0.0,-382.986,-15.5906,-18.3209
0.0,-381.291,-47.237700000000004,-34.0856
0.0,-387.558,-17.1552,-76.2694
0.0,-385.549,-16.1188,-93.7762
0.0,-355.19,-46.3254,52.325
0.0,-371.526,-23.3287,23.0108
0.0,-368.329,-28.1217,-145.921
0.0,-361.553,-30.0639,-158.537
0.0,-283.658,-41.9486,153.213
0.0,-302.077,-42.2767,134.36100000000002
0.0,-327.47900000000004,-44.9627,101.16799999999999
0.0,-268.509,-38.8084,167.55100000000002
0.0,-274.358,-25.5552,165.74800000000002
0.0,-375.504,-34.788399999999996,1.46157
0.0,-384.51099999999997,-28.9844,-100.136
0.0,-276.36,-57.4762,155.006
0.0,-320.10699999999997,-47.012100000000004,111.033
0.0,-329.998,-60.6557,90.616
0.0,-360.71799999999996,-59.5103,29.1179
0.0,-381.711,-62.167699999999996,-49.1616
0.0,-382.226,-60.2983,-72.77300000000001
0.0,-383.138,-31.720499999999998,-105.722
0.0,-360.447,-33.1764,-159.692
0.0,-346.52,-18.9941,-187.738
0.0,-340.197,-11.986,-199.913
0.0,-308.024,-32.3523,-223.915
0.0,-349.018,-62.5411,56.5692
0.0,-372.554,-53.2365,-3.40908
0.0,-374.334,-49.898900000000005,-116.88900000000001
0.0,-270.702,-63.710100000000004,158.111
0.0,-268.838,-53.8791,162.805
0.0,-300.118,-68.84079999999999,125.953
0.0,-333.453,-80.6147,73.226
0.0,-345.086,-68.8763,59.5106
0.0,-367.359,-54.297900000000006,-127.17500000000001
0.0,-332.663,-68.6057,-171.49900000000002
0.0,-295.026,-74.53500000000001,129.23399999999998
0.0,-303.696,-85.0322,113.75699999999999
0.0,-311.52000000000004,-74.12910000000001,109.461
0.0,-320.002,-76.5122,97.0563
0.0,-348.87,-83.35,38.080000000000005
0.0,-372.38100000000003,-79.4885,-83.96910000000001
0.0,-351.345,-74.3814,-135.491
0.0,-348.609,-65.3225,-149.764
0.0,-322.441,-55.963100000000004,-193.776
0.0,-312.44899999999996,-48.3593,-209.85500000000002
0.0,-255.837,-65.2349,169.19400000000002
0.0,-362.182,-63.189800000000005,23.2715
0.0,-360.407,-91.879,-5.82016
0.0,-377.915,-71.6203,-47.4666
0.0,-370.68800000000005,-90.54560000000001,-49.4157
0.0,-374.062,-81.3025,-71.7434
0.0,-311.035,-72.3358,-196.38400000000001
0.0,-284.817,-87.02329999999999,133.635
0.0,-309.968,-83.57430000000001,107.101
0.0,-336.534,-90.30069999999999,59.5789
0.0,-341.54200000000003,-96.5234,43.119499999999995
0.0,-345.78700000000003,-119.287,-92.2377
0.0,-349.011,-97.9657,-113.73400000000001
0.0,-328.925,-123.89699999999999,-123.547
0.0,-320.77099999999996,-91.31309999999999,-170.251
0.0,-288.719,-69.3128,-222.992
0.0,-356.46299999999997,-75.9401,27.8645
0.0,-243.65200000000002,-77.1159,173.77300000000002
0.0,-276.687,-80.7959,144.728
0.0,-364.633,-103.294,-59.8147
0.0,-302.095,-102.449,-186.439
0.0,-277.875,-88.6947,-222.375
0.0,-314.002,-122.88300000000001,72.7436
0.0,-341.289,-104.548,34.5859
0.0,-343.065,-104.044,30.7553
0.0,-352.831,-111.545,-7.97931
0.0,-351.9,-120.666,-21.206699999999998
0.0,-358.125,-109.704,-70.72710000000001
0.0,-314.41200000000003,-110.905,-162.00300000000001
0.0,-319.699,-97.3159,84.1579
0.0,-315.85699999999997,-122.205,69.18549999999999
0.0,-338.83000000000004,-120.799,-106.66799999999999
0.0,-239.524,-79.51310000000001,175.474
0.0,-308.732,-114.125,87.5815
0.0,-333.426,-127.117,25.8463
0.0,-354.548,-121.144,-51.4006
0.0,-343.226,-133.188,-71.1435
0.0,-303.209,-117.438,-172.692
0.0,-303.334,-114.79899999999999,-174.82500000000002
0.0,-287.596,-118.821,-192.28
0.0,-252.67000000000002,-108.065,-235.22199999999998
0.0,-243.732,-93.414,166.47899999999998
0.0,-289.059,-109.292,116.43299999999999
0.0,-340.813,-143.016,-29.258
0.0,-321.02000000000004,-157.76399999999998,-93.1776
0.0,-324.757,-146.85,-102.759
0.0,-313.70799999999997,-140.029,-133.564
0.0,-309.957,-142.07600000000002,-137.147
0.0,-311.84499999999997,-133.215,-143.761
0.0,-277.20099999999996,-124.36999999999999,-199.451
0.0,-267.5,-97.273,145.171
0.0,-321.20300000000003,-127.167,53.7641
0.0,-319.06600000000003,-138.636,44.070100000000004
0.0,-330.615,-158.59400000000002,-26.271099999999997
0.0,-301.348,-164.499,-126.01299999999999
0.0,-265.034,-122.973,-212.553
0.0,-252.52999999999997,-128.35,141.714
0.0,-285.819,-122.944,110.89
0.0,-326.54499999999996,-151.68599999999998,6.52632
0.0,-319.081,-177.42,-43.581500000000005
0.0,-286.929,-142.114,-170.633
0.0,-285.899,-128.994,-185.043
0.0,-239.529,-103.449,164.83100000000002
0.0,-301.007,-141.382,74.8052
0.0,-314.052,-162.942,-102.747
0.0,-280.59299999999996,-160.159,-161.13
0.0,-273.106,-157.394,-173.177
0.0,-258.11899999999997,-129.925,-213.42600000000002
0.0,-249.45999999999998,-130.26399999999998,143.35899999999998
0.0,-278.511,-134.727,110.913
0.0,-285.059,-147.133,92.9906
0.0,-324.57399999999996,-159.408,-1.81451
0.0,-321.104,-174.083,-37.5617
0.0,-310.171,-187.172,-50.874
0.0,-305.85699999999997,-182.105,-84.4633
0.0,-280.592,-162.765,-158.276
0.0,-260.819,-139.472,-201.964
0.0,-247.306,-105.833,-243.27499999999998
0.0,-291.715,-153.348,77.0566
0.0,-303.871,-158.727,50.2159
0.0,-320.839,-151.263,24.6327
0.0,-222.76999999999998,-114.511,171.505
0.0,-308.238,-183.041,-1.6298300000000001
0.0,-293.825,-206.35600000000002,-53.871700000000004
0.0,-308.016,-184.844,-71.2193
0.0,-301.22900000000004,-179.611,-102.619
0.0,-285.922,-190.08,-115.765
0.0,-281.408,-191.678,-121.67699999999999
0.0,-275.096,-179.643,-145.398
0.0,-261.12800000000004,-150.141,-190.936
0.0,-230.389,-130.81,158.184
0.0,-292.597,-160.23399999999998,68.9197
0.0,-297.25,-203.243,-23.3964
0.0,-294.29499999999996,-201.966,-67.4177
0.0,-284.84900000000005,-195.50799999999998,-108.318
0.0,-237.995,-134.896,-224.26299999999998
0.0,-215.595,-132.374,167.71
0.0,-247.098,-144.955,136.262
0.0,-256.229,-153.566,121.686
0.0,-273.63,-164.04,-166.44
0.0,-242.367,-162.964,-196.179
0.0,-245.867,-142.428,-211.598
0.0,-213.41199999999998,-135.449,167.655
0.0,-291.627,-176.201,51.2911
0.0,-278.853,-203.637,-104.91799999999999
0.0,-281.63899999999995,-197.66400000000002,-111.239
0.0,-272.934,-195.00300000000001,-127.754
0.0,-234.66400000000002,-167.149,-198.462
0.0,-207.901,-151.739,-227.913
0.0,-217.49599999999998,-146.115,-227.009
0.0,-221.61,-144.91000000000003,157.138
0.0,-275.336,-172.343,81.6413
0.0,-274.277,-192.257,58.8648
0.0,-273.652,-224.049,-64.82209999999999
0.0,-250.603,-192.374,-158.29999999999998
0.0,-240.91099999999997,-191.797,-169.56
0.0,-238.584,-186.92600000000002,-177.395
0.0,-228.8,-165.011,-204.241
0.0,-209.249,-156.315,-222.97
0.0,-289.045,-186.379,42.3981
0.0,-269.553,-219.06300000000002,-88.75370000000001
0.0,-233.762,-206.649,-159.994
0.0,-223.28300000000002,-157.602,148.455
0.0,-240.255,-165.357,129.103
0.0,-279.91700000000003,-200.084,38.3271
0.0,-281.921,-210.519,11.3666
0.0,-271.366,-230.237,-38.7021
0.0,-272.237,-227.913,-56.1205
0.0,-272.729,-227.619,-56.5772
0.0,-228.951,-178.304,-193.33
0.0,-243.98700000000002,-181.871,111.269
0.0,-258.92900000000003,-231.629,17.645899999999997
0.0,-274.74199999999996,-226.744,-25.7164
0.0,-270.44,-230.473,-53.089200000000005
0.0,-245.363,-215.831,-133.129
0.0,-222.09599999999998,-218.864,-157.54299999999998
0.0,-222.42000000000002,-205.55100000000002,-173.66799999999998
0.0,-223.616,-197.009,-180.54700000000003
0.0,-201.691,-160.60399999999998,162.19400000000002
0.0,-243.891,-211.142,78.8449
0.0,-271.946,-209.63799999999998,37.6048
0.0,-275.518,-226.72,-22.3955
0.0,-249.535,-249.061,-17.9179
0.0,-255.708,-244.416,-48.6032
0.0,-256.492,-233.458,-82.9557
0.0,-224.208,-209.584,-166.859
0.0,-204.807,-162.75400000000002,-221.02700000000002
0.0,-200.58599999999998,-169.854,157.301
0.0,-237.058,-183.107,119.034
0.0,-263.027,-220.026,35.3724
0.0,-247.143,-233.05200000000002,-101.975
0.0,-261.48199999999997,-216.35399999999998,-110.42299999999999
0.0,-222.97,-233.68,-134.398
0.0,-212.96599999999998,-226.274,-157.326
0.0,-192.982,-176.558,-218.01999999999998
0.0,-253.929,-226.816,38.8591
0.0,-233.149,-258.031,-71.3604
0.0,-241.90900000000002,-241.63000000000002,-94.35119999999999
0.0,-221.559,-245.567,-118.06
0.0,-217.264,-241.504,-129.28500000000003
0.0,-211.755,-229.853,-154.205
0.0,-203.316,-213.292,-179.256
0.0,-198.712,-186.81900000000002,-204.61499999999998
0.0,-209.29,-180.929,144.08599999999998
0.0,-219.401,-190.047,128.633
0.0,-213.241,-194.584,129.271
0.0,-234.243,-190.298,114.72
0.0,-237.907,-198.849,101.912
0.0,-239.906,-249.161,12.9049
0.0,-231.723,-264.92900000000003,-33.461400000000005
0.0,-232.773,-263.067,-55.0834
0.0,-182.915,-198.031,-203.371
0.0,-175.51500000000001,-169.69400000000002,172.507
0.0,-223.275,-231.708,76.19109999999999
0.0,-246.529,-239.928,23.3599
0.0,-235.652,-257.578,-5.66551
0.0,-223.051,-269.334,-56.7583
0.0,-227.81,-255.46999999999997,-89.13
0.0,-225.112,-218.01899999999998,93.5343
0.0,-215.29999999999998,-271.701,3.4805499999999996
0.0,-204.361,-283.441,-47.5287
0.0,-202.989,-263.749,-114.17399999999999
0.0,-199.715,-222.292,-171.95
0.0,-159.295,-190.913,-220.744
0.0,-222.861,-252.47799999999998,38.584199999999996
0.0,-201.853,-260.334,-120.54299999999999
0.0,-192.356,-248.553,-146.81900000000002
0.0,-198.639,-237.94799999999998,-155.258
0.0,-176.374,-223.023,-185.514
0.0,-146.137,-221.688,-201.475
0.0,-168.813,-196.628,158.00900000000001
0.0,-185.506,-204.549,141.56199999999998
0.0,-204.843,-210.465,121.806
0.0,-197.696,-283.714,1.82348
0.0,-177.985,-280.285,-116.839
0.0,-174.823,-237.864,-171.927
0.0,-218.054,-243.119,65.1306
0.0,-209.324,-275.22999999999996,-72.264
0.0,-165.702,-275.48499999999996,-138.743
0.0,-195.006,-226.04399999999998,113.026
0.0,-208.777,-267.473,27.9498
0.0,-188.923,-292.412,-39.8226
0.0,-181.37800000000001,-285.656,-94.61550000000001
0.0,-175.213,-286.188,-103.432
0.0,-166.427,-284.59000000000003,-120.203
0.0,-166.606,-264.75399999999996,-152.541
0.0,-170.035,-249.209,-164.545
0.0,-206.283,-256.484,56.117599999999996
0.0,-216.40300000000002,-266.854,15.4954
0.0,-167.87099999999998,-240.895,-173.474
0.0,-147.80499999999998,-234.486,-189.62699999999998
0.0,-158.172,-209.161,153.704
0.0,-174.69899999999998,-216.341,138.245
0.0,-191.771,-287.25,-0.6896800000000001
0.0,-181.23700000000002,-296.185,-37.811699999999995
0.0,-192.31599999999997,-290.81800000000004,-44.6162
0.0,-153.10299999999998,-227.173,139.994
0.0,-185.214,-236.047,109.579
0.0,-164.145,-273.206,74.7567
0.0,-161.175,-306.178,-17.0372
0.0,-167.564,-302.875,-45.606500000000004
0.0,-161.603,-303.812,-59.9125
0.0,-179.43,-291.009,-79.4765
0.0,-159.98100000000002,-278.13599999999997,-139.25799999999998
0.0,-159.438,-265.63599999999997,-156.151
0.0,-130.675,-251.909,-184.48700000000002
0.0,-143.411,-223.071,-201.088
0.0,-163.489,-232.257,129.21099999999998
0.0,-178.724,-240.603,109.06299999999999
0.0,-181.2,-278.488,47.486599999999996
0.0,-171.516,-282.697,49.748
0.0,-166.17499999999998,-297.125,21.5608
0.0,-186.914,-291.834,-8.50503
0.0,-143.961,-305.887,-92.3395
0.0,-139.673,-260.821,-171.847
0.0,-138.37099999999998,-219.87300000000002,153.985
0.0,-129.889,-227.12099999999998,151.125
0.0,-144.899,-238.933,132.494
0.0,-168.20399999999998,-250.288,104.744
0.0,-146.505,-311.575,6.427160000000001
0.0,-141.75799999999998,-309.178,-82.384
0.0,-161.812,-271.991,79.93079999999999
0.0,-166.116,-289.721,41.6546
0.0,-150.385,-292.62899999999996,-121.12100000000001
0.0,-147.424,-283.476,-142.47199999999998
0.0,-132.846,-276.988,-160.678
0.0,-119.422,-259.892,-183.953
0.0,-131.14700000000002,-250.008,127.93499999999999
0.0,-142.843,-290.317,65.9934
0.0,-148.727,-299.19,41.8362
0.0,-150.499,-306.128,19.4542
0.0,-156.204,-307.424,-1.3430600000000001
0.0,-123.311,-321.94800000000004,-25.5049
0.0,-113.828,-314.943,-112.171
0.0,-116.89399999999999,-235.049,-203.62199999999999
0.0,-128.046,-270.873,104.953
0.0,-139.41799999999998,-283.932,79.2625
0.0,-134.00400000000002,-305.616,44.356300000000005
0.0,-143.071,-309.858,19.0841
0.0,-126.82499999999999,-317.732,-72.8602
0.0,-118.725,-241.28,142.647
0.0,-110.02199999999999,-252.031,135.219
0.0,-131.82,-261.692,114.577
0.0,-104.975,-277.489,109.138
0.0,-128.389,-278.99800000000005,94.4606
0.0,-124.981,-297.83500000000004,68.0143
0.0,-110.367,-317.366,38.8274
0.0,-112.22600000000001,-322.361,18.9285
0.0,-130.656,-318.396,1.38883
0.0,-137.351,-316.38,-9.72552
0.0,44.9791,341.392,166.24
0.0,38.1863,358.04999999999995,151.76899999999998
0.0,53.703300000000006,363.819,144.19299999999998
0.0,51.1941,375.396,132.243
0.0,53.7961,389.46,114.79
0.0,56.92,401.023,97.35770000000001
0.0,59.5247,410.265,79.8474
0.0,62.9881,418.728,58.021
0.0,62.0874,425.68899999999996,32.1091
0.0,44.1883,433.03999999999996,7.77117
0.0,53.493199999999995,432.469,-1.48972
0.0,74.8596,429.068,-17.3049
0.0,69.5774,430.457,-24.9096
0.0,9.67683,349.368,160.957
0.0,8.712620000000001,373.642,137.847
0.0,4.00945,390.33,119.07
0.0,39.208800000000004,409.675,85.62870000000001
0.0,39.624100000000006,418.0,67.4562
0.0,34.08,428.987,35.4554
0.0,50.419,434.42199999999997,-42.5609
0.0,31.721399999999996,433.821,-79.2846
0.0,61.0314,424.637,-95.38430000000001
0.0,29.466800000000003,429.50899999999996,-99.4771
0.0,68.0674,417.82599999999996,-114.248
0.0,26.5828,423.233,-120.35600000000001
0.0,8.7985,426.192,-119.714
0.0,27.466,409.08299999999997,-151.794
0.0,65.4499,391.121,-173.357
0.0,63.46690000000001,381.224,-189.243
0.0,6.06006,332.69300000000004,174.672
0.0,23.2609,351.826,158.434
0.0,-3.4962299999999997,389.048,120.47099999999999
0.0,23.252,400.492,103.315
0.0,25.593899999999998,426.927,45.8821
0.0,18.721899999999998,436.67,3.16551
0.0,35.6256,436.247,-9.94896
0.0,41.386399999999995,436.14300000000003,-40.8307
0.0,26.9971,437.85200000000003,-48.4726
0.0,-25.1398,343.26800000000003,164.73499999999999
0.0,-15.347299999999999,419.77799999999996,68.4983
0.0,1.67843,418.059,73.2554
0.0,2.92015,426.152,52.7537
0.0,11.704,435.726,13.2678
0.0,-28.52,366.56100000000004,143.811
0.0,-16.322799999999997,368.20799999999997,142.974
0.0,34.7223,435.818,-62.736399999999996
0.0,28.0439,436.38300000000004,-64.3479
0.0,26.287100000000002,432.816,-86.8392
0.0,24.4673,427.506,-107.992
0.0,24.0784,418.36600000000004,-133.197
0.0,34.4238,378.919,-198.691
0.0,6.42992,359.577,-223.336
0.0,-17.7625,431.55,32.5957
0.0,22.4543,438.821,-27.92
0.0,-32.2394,342.2,165.167
0.0,-33.6054,401.34700000000004,100.50399999999999
0.0,-12.0062,382.007,-198.33
0.0,-55.436899999999994,332.818,169.32500000000002
0.0,-52.131299999999996,378.384,127.84200000000001
0.0,-42.3271,390.64700000000005,113.467
0.0,-33.4209,408.918,86.65090000000001
0.0,-29.938,416.012,74.3133
0.0,-55.3945,424.23499999999996,45.208
0.0,-22.3789,435.499,14.5416
0.0,-15.034699999999999,438.73699999999997,-5.00122
0.0,-35.664300000000004,362.442,-221.143
0.0,-7.0855,440.736,-31.149900000000002
0.0,-17.1647,440.691,-35.115500000000004
0.0,-17.285600000000002,440.396,-49.8397
0.0,-17.0116,438.67699999999996,-67.96539999999999
0.0,-16.1433,437.089,-78.2168
0.0,-16.5817,432.02000000000004,-100.787
0.0,4.38811,424.139,-125.523
0.0,-33.9358,427.5,-116.451
0.0,-36.9859,420.01,-134.857
0.0,-0.7563719999999999,406.37,-162.519
0.0,-8.99395,391.685,-185.975
0.0,-67.2271,328.172,170.746
0.0,-80.0618,417.659,49.597500000000004
0.0,-46.0881,433.784,14.7821
0.0,-44.3174,437.91,-12.779499999999999
0.0,-26.336100000000002,373.084,-209.171
0.0,-40.410599999999995,350.228,-232.46900000000002
0.0,-77.7504,331.788,166.284
0.0,-71.3202,372.627,129.479
0.0,-81.42620000000001,403.943,79.3364
0.0,-62.8334,353.798,150.605
0.0,-100.198,411.403,50.6849
0.0,-62.2376,421.779,48.8699
0.0,-51.8427,438.585,-33.298
0.0,-70.9396,308.101,184.028
0.0,-99.6686,396.43899999999996,82.60579999999999
0.0,-74.2708,404.845,81.4892
0.0,-76.9679,433.244,-10.819
0.0,-58.3172,437.767,-52.0601
0.0,-36.719300000000004,437.216,-79.4632
0.0,-78.3704,434.23,-68.2512
0.0,-57.1935,430.68899999999996,-97.3536
0.0,-35.8251,417.177,-141.663
0.0,-37.0512,409.794,-155.85999999999999
0.0,-46.6419,403.415,-165.295
0.0,-53.351299999999995,371.394,-208.121
0.0,-63.8697,342.581,-236.597
0.0,-101.135,313.992,173.30200000000002
0.0,-97.6419,340.891,153.255
0.0,-89.52749999999999,375.52200000000005,118.669
0.0,-93.7912,407.069,63.487100000000005
0.0,-68.0275,435.698,-22.3277
0.0,-66.36200000000001,367.102,-210.562
0.0,-85.77289999999999,355.709,142.293
0.0,-100.27600000000001,426.179,-3.07249
0.0,-60.5835,400.15299999999996,-167.555
0.0,-65.2256,399.27000000000004,-167.683
0.0,-121.292,371.17499999999995,109.435
0.0,-95.57499999999999,425.48900000000003,9.95751
0.0,-92.7226,431.77700000000004,-43.1892
0.0,-78.01650000000001,363.146,-212.251
0.0,-86.33330000000001,333.733,-239.89
0.0,-115.979,304.535,175.55
0.0,-109.021,358.551,131.583
0.0,-134.632,381.631,83.5669
0.0,-106.67500000000001,394.345,81.7045
0.0,-116.846,425.0,-63.6588
0.0,-97.4824,427.842,-77.2198
0.0,-97.2184,424.681,-92.7679
0.0,-95.9966,417.601,-116.084
0.0,-90.6882,358.113,-214.122
0.0,-139.099,361.30600000000004,111.631
0.0,-114.941,373.065,110.645
0.0,-145.434,394.04299999999995,48.241899999999994
0.0,-130.499,415.541,-0.184453
0.0,-126.021,421.163,-26.997400000000003
0.0,-110.60000000000001,426.703,-32.5907
0.0,-92.5917,391.137,-170.83
0.0,-142.403,338.277,136.78199999999998
0.0,-134.819,374.23699999999997,94.506
0.0,-114.71900000000001,392.202,79.9781
0.0,-153.38199999999998,403.264,12.899000000000001
0.0,-150.344,412.11199999999997,-30.012
0.0,-101.991,353.457,-215.422
0.0,-107.46,324.46000000000004,-242.029
0.0,-151.127,356.30600000000004,109.747
0.0,-168.262,395.688,13.912600000000001
0.0,-149.209,407.78999999999996,-0.016249200000000002
0.0,-113.503,402.81,-139.785
0.0,-113.983,348.144,-216.513
0.0,-136.131,416.425,-74.9244
0.0,-118.214,415.479,-106.5
0.0,-115.18599999999999,371.49100000000004,-187.88299999999998
0.0,-127.614,278.292,187.84400000000002
0.0,-129.382,287.937,181.519
0.0,-148.5,302.582,164.22500000000002
0.0,-141.83499999999998,327.925,146.104
0.0,-159.959,378.73,64.34049999999999
0.0,-126.71,412.606,-106.529
0.0,-125.09500000000001,343.209,-217.00900000000001
0.0,-128.23499999999999,314.013,-243.44
0.0,-160.366,326.577,138.601
0.0,-167.321,404.406,-55.0676
0.0,-157.45600000000002,402.325,-95.5859
0.0,-134.196,395.335,-139.57
0.0,-141.06,380.927,-158.29399999999998
0.0,-143.519,333.926,-217.774
0.0,-181.643,366.71500000000003,64.3711
0.0,-194.325,376.923,24.907
0.0,-197.996,384.16499999999996,-7.59117
0.0,-180.49499999999998,397.267,-31.3898
0.0,-171.757,401.22799999999995,-65.8281
0.0,-139.727,360.184,-189.34599999999998
0.0,-145.597,274.043,183.928
0.0,-158.917,325.01000000000005,139.86499999999998
0.0,-188.445,384.042,16.0135
0.0,-179.52499999999998,398.215,-48.8084
0.0,-152.196,402.2,-106.789
0.0,-152.057,385.641,-143.038
0.0,-180.093,347.069,-179.321
0.0,-148.345,302.838,-243.845
0.0,-155.465,292.238,167.88500000000002
0.0,-178.32,350.83500000000004,94.2379
0.0,-197.387,378.53700000000003,16.5713
0.0,-189.56799999999998,392.855,-38.9441
0.0,-158.458,325.389,-218.14700000000002
0.0,-198.295,347.797,79.5612
0.0,-225.28500000000003,354.717,29.136499999999998
0.0,-191.248,390.64700000000005,-61.9645
0.0,-175.417,371.76599999999996,-145.486
0.0,-167.36599999999999,345.151,-190.1
0.0,-162.17999999999998,256.791,186.53
0.0,-196.168,331.37899999999996,104.526
0.0,-212.953,376.816,-58.3218
0.0,-182.946,393.20500000000004,-81.6119
0.0,-180.99,370.546,-141.892
0.0,-185.536,356.274,-159.208
0.0,-183.18400000000003,343.04400000000004,-180.771
0.0,-191.07,327.489,-193.281
0.0,-175.433,315.334,-217.839
0.0,-169.93800000000002,282.417,167.219
0.0,-169.418,304.74800000000005,151.62300000000002
0.0,-220.13,372.685,-39.6057
0.0,-199.916,377.784,-96.05199999999999
0.0,-169.502,297.833,-237.187
0.0,-189.31400000000002,286.655,153.018
0.0,-190.633,316.75,125.633
0.0,-221.67600000000002,367.20599999999996,-3.9287300000000003
0.0,-208.301,374.30600000000004,-89.14139999999999
0.0,-225.653,329.921,-154.916
0.0,-209.707,324.846,-179.611
0.0,-198.50699999999998,303.285,-213.551
0.0,-178.447,277.642,-247.614
0.0,-172.321,274.89200000000005,-252.224
0.0,-162.64000000000001,242.53,193.34
0.0,-235.549,332.283,61.1347
0.0,-250.39899999999997,345.238,-65.1339
0.0,-220.092,362.53999999999996,-97.50200000000001
0.0,-238.647,349.589,-90.1773
0.0,-201.676,359.17,-138.32500000000002
0.0,-240.44199999999998,318.28000000000003,-153.76999999999998
0.0,-167.684,246.99699999999999,188.845
0.0,-246.62,350.676,-34.7773
0.0,-245.228,329.177,-125.974
0.0,-233.516,307.65500000000003,-177.08499999999998
0.0,-220.766,285.311,-212.24599999999998
0.0,-204.367,273.61400000000003,-233.52700000000002
0.0,-177.924,254.689,180.054
0.0,-208.32,303.164,125.304
0.0,-221.438,321.106,93.00880000000001
0.0,-252.034,329.54699999999997,36.2817
0.0,-257.33299999999997,340.078,-22.6827
0.0,-260.233,334.142,-73.2854
0.0,-263.42900000000003,329.63399999999996,-80.03190000000001
0.0,-261.936,314.228,-124.264
0.0,-247.683,291.186,-180.655
0.0,-222.59300000000002,295.378,-201.266
0.0,-226.715,322.13399999999996,86.8108
0.0,-241.541,328.805,56.1851
0.0,-267.935,329.894,-47.207499999999996
0.0,-261.653,322.384,-105.269
0.0,-226.668,274.069,-217.175
0.0,-187.948,241.875,180.979
0.0,-202.701,267.447,157.25400000000002
0.0,-221.839,303.076,113.968
0.0,-252.08,338.75699999999995,11.472700000000001
0.0,-285.868,309.631,-7.91316
0.0,-272.946,324.583,-26.4676
0.0,-266.743,281.803,-167.072
0.0,-283.9,312.55,-44.40560000000001
0.0,-253.884,277.57300000000004,-186.565
0.0,-245.659,257.729,-212.525
0.0,-195.096,244.648,-257.641
0.0,-194.977,224.33700000000002,185.46
0.0,-210.042,259.137,157.17800000000003
0.0,-220.89700000000002,271.14700000000005,140.817
0.0,-269.649,296.234,63.439099999999996
0.0,-286.122,303.498,-84.46770000000001
0.0,-278.778,314.71900000000005,-71.5738
0.0,-279.59299999999996,306.699,-95.8754
0.0,-289.563,280.56399999999996,-128.703
0.0,-271.914,265.812,-177.255
0.0,-226.575,242.888,-237.153
0.0,-204.701,240.287,-253.93500000000003
0.0,-243.90800000000002,284.34999999999997,109.284
0.0,-256.35,296.144,82.7469
0.0,-292.18499999999995,298.375,-80.36659999999999
0.0,-272.85900000000004,298.184,-131.222
0.0,-277.06199999999995,277.19899999999996,-155.889
0.0,-280.69899999999996,262.168,-169.045
0.0,-244.409,241.542,-224.131
0.0,-204.38400000000001,224.946,179.481
0.0,-276.644,305.203,35.4224
0.0,-290.194,299.803,7.21418
0.0,-299.524,264.398,-133.959
0.0,-283.66200000000003,277.54499999999996,-143.871
0.0,-265.573,255.46400000000003,-193.468
0.0,-261.28499999999997,240.071,-209.373
0.0,-211.655,218.555,177.763
0.0,-216.635,223.592,172.104
0.0,-228.68099999999998,247.889,149.641
0.0,-305.394,286.351,-28.875700000000002
0.0,-307.232,282.325,-50.8663
0.0,-306.384,280.236,-74.6056
0.0,-304.056,259.78299999999996,-129.573
0.0,-253.41000000000003,228.187,-223.246
0.0,-228.874,209.64,170.023
0.0,-231.039,251.33499999999998,146.065
0.0,-251.116,248.82299999999998,129.66
0.0,-265.387,261.48199999999997,105.82300000000001
0.0,-314.908,272.78599999999994,-46.8899
0.0,-318.42199999999997,260.59900000000005,-80.00880000000001
0.0,-315.70799999999997,263.435,-83.9276
0.0,-314.031,249.14600000000002,-123.796
0.0,-293.71500000000003,240.787,-170.47699999999998
0.0,-278.58,244.31,-186.95999999999998
0.0,-270.399,227.73,-207.508
0.0,-234.525,206.421,-249.886
0.0,-290.383,271.431,61.806
0.0,-302.25,230.52700000000002,-167.847
0.0,-279.315,225.136,-199.661
0.0,-248.364,210.32500000000002,-236.808
0.0,-234.104,193.01399999999998,173.70499999999998
0.0,-316.898,265.23600000000005,-1.61962
0.0,-324.633,248.311,13.474
0.0,-336.528,232.037,-78.18990000000001
0.0,-331.718,225.507,-111.93
0.0,-272.31,254.156,105.005
0.0,-292.016,286.16700000000003,39.0386
0.0,-328.355,250.706,-34.112700000000004
0.0,-344.589,216.59300000000002,-76.9619
0.0,-317.017,239.35799999999998,-131.06699999999998
0.0,-288.47299999999996,218.521,-193.423
0.0,-274.395,201.525,-217.412
0.0,-251.06699999999998,198.601,158.04399999999998
0.0,-266.92900000000003,214.785,135.61
0.0,-295.58299999999997,202.33300000000003,114.023
0.0,-333.64300000000003,224.069,-109.935
0.0,-316.84299999999996,210.171,-161.95100000000002
0.0,-305.34099999999995,215.449,-174.59900000000002
0.0,-253.145,204.894,-235.53
0.0,-246.46599999999998,173.94799999999998,172.30200000000002
0.0,-309.528,269.969,20.7381
0.0,-341.727,225.696,-33.5836
0.0,-329.352,223.519,-122.19800000000001
0.0,-288.057,241.583,95.6698
0.0,-351.962,200.939,-75.2458
0.0,-256.096,192.145,-238.887
0.0,-260.858,173.922,161.091
0.0,-313.911,226.026,69.7514
0.0,-312.553,250.52799999999996,46.007600000000004
0.0,-325.355,220.14800000000002,52.3688
0.0,-351.411,204.92499999999998,-32.7939
0.0,-358.576,185.198,-73.21379999999999
0.0,-338.55,186.629,-140.686
0.0,-328.546,180.512,-161.606
0.0,-305.88599999999997,206.69799999999998,-179.582
0.0,-285.119,196.909,-208.926
0.0,-278.931,182.531,141.296
0.0,-334.934,233.273,-0.349607
0.0,-310.437,213.195,87.7296
0.0,-322.349,188.929,85.7995
0.0,-330.591,217.768,44.068799999999996
0.0,-344.40700000000004,210.66,5.33203
0.0,-362.179,175.187,-73.5224
0.0,-343.553,188.288,-126.867
0.0,-339.404,172.75099999999998,-147.367
0.0,-333.397,182.802,-150.984
0.0,-324.28200000000004,161.95999999999998,-176.952
0.0,-287.657,169.909,-218.394
0.0,-264.18199999999996,154.10199999999998,165.55
0.0,-318.496,202.138,83.4722
0.0,-335.423,195.132,55.4923
0.0,-342.196,211.82799999999997,16.0215
0.0,-290.45799999999997,154.79000000000002,142.03
0.0,-331.758,183.665,72.722
0.0,-335.267,206.55100000000002,45.2267
0.0,-349.466,183.51500000000001,29.5702
0.0,-351.128,199.418,-3.90901
0.0,-364.526,168.578,-72.228
0.0,-352.147,169.45,-121.74300000000001
0.0,-315.82500000000005,158.643,-190.07399999999998
0.0,-300.25600000000003,152.114,-211.531
0.0,-272.265,143.735,162.07
0.0,-362.56699999999995,167.776,-3.42494
0.0,-365.891,161.48299999999998,-14.767199999999999
0.0,-362.378,178.861,-45.5322
0.0,-316.344,123.89999999999999,-202.932
0.0,-281.325,150.311,152.4
0.0,-359.14,178.831,-4.69269
0.0,-359.04999999999995,156.819,-111.819
0.0,-349.94599999999997,155.45000000000002,-135.953
0.0,-304.573,159.51000000000002,126.037
0.0,-337.69100000000003,163.661,75.2589
0.0,-371.585,148.30499999999998,-49.4435
0.0,-342.999,165.77800000000002,-144.60999999999999
0.0,-329.031,146.94199999999998,99.4223
0.0,-342.02900000000005,168.02700000000002,64.39649999999999
0.0,-347.30499999999995,153.44299999999998,62.65
0.0,-360.991,147.29500000000002,29.433899999999998
0.0,-327.608,121.421,-188.328
0.0,-286.341,129.04299999999998,153.67700000000002
0.0,-344.935,145.082,71.5858
0.0,-365.088,144.54600000000002,16.2747
0.0,-372.387,143.415,-30.304299999999998
0.0,-372.855,136.702,-72.3997
0.0,-367.71500000000003,139.006,-97.2962
0.0,-336.64500000000004,146.774,-164.564
0.0,-335.031,116.691,-179.13299999999998
0.0,-296.233,120.339,146.184
0.0,-308.975,146.816,126.076
0.0,-360.254,147.098,33.0764
0.0,-371.858,136.13,-7.26797
0.0,-375.405,128.038,-23.686700000000002
0.0,-376.35600000000005,128.09,-40.016799999999996
0.0,-375.972,128.625,-57.5035
0.0,-373.17499999999995,127.98300000000002,-83.1938
0.0,-364.21999999999997,125.93799999999999,-118.269
0.0,-361.378,124.263,-126.57499999999999
0.0,-298.17900000000003,102.55300000000001,147.29600000000002
0.0,-307.2,112.33200000000001,136.33999999999997
0.0,-314.405,139.559,122.02499999999999
0.0,-320.743,126.08900000000001,117.519
0.0,-323.727,109.548,117.19200000000001
0.0,-331.425,135.905,99.9404
0.0,-333.286,120.112,101.38900000000001
0.0,-335.8,112.77,99.26
0.0,-337.48699999999997,136.262,89.7661
0.0,-345.28,118.904,81.48859999999999
0.0,-350.22700000000003,129.25300000000001,68.0763
0.0,-352.74100000000004,124.998,64.1555
0.0,-356.45,118.31,58.1
0.0,-360.466,123.689,45.667399999999994
0.0,-364.819,124.39999999999999,32.2862
0.0,-366.97,121.13,26.970000000000002
0.0,-368.55100000000004,125.2,18.504099999999998
0.0,-370.603,126.58500000000001,8.74753
0.0,-372.908,130.69400000000002,-7.7674900000000004
0.0,-375.859,122.988,-17.987099999999998
0.0,-377.05499999999995,123.84,-34.4548
0.0,-377.22499999999997,123.989,-50.6859
0.0,-375.461,127.26399999999998,-67.82050000000001
0.0,-369.515,125.089,-102.013
0.0,-367.64000000000004,121.22,-110.93
0.0,-357.45700000000005,120.662,-137.52900000000002
0.0,-353.7,117.43,-146.74
0.0,-349.15299999999996,120.567,-154.173
0.0,-342.806,118.15199999999999,-166.226
0.0,311.039,-42.539699999999996,175.067
0.0,338.349,-42.4234,158.281
0.0,355.02,-55.6015,141.341
0.0,362.586,-61.330000000000005,130.19
0.0,384.041,-57.0839,105.186
0.0,393.30199999999996,-69.1502,83.1183
0.0,400.145,-73.5757,65.29469999999999
0.0,406.775,-72.894,37.4303
0.0,409.16799999999995,-78.4122,18.976799999999997
0.0,416.713,-58.9654,2.7638599999999998
0.0,418.836,-63.5454,-19.9866
0.0,412.47299999999996,-58.5464,-53.7857
0.0,402.522,-57.9854,-98.3057
0.0,374.074,-38.946799999999996,125.996
0.0,388.889,-52.6325,100.245
0.0,403.148,-51.389700000000005,67.6735
0.0,409.084,-66.488,30.997
0.0,416.63800000000003,-34.136199999999995,20.0064
0.0,421.471,-49.0342,-31.3554
0.0,401.387,-49.7847,-111.581
0.0,392.30199999999996,-60.5526,-127.69500000000001
0.0,353.143,-43.644299999999994,-177.80499999999998
0.0,341.314,-24.218300000000003,159.199
0.0,353.851,-25.1894,149.718
0.0,390.52500000000003,-29.9799,102.958
0.0,409.127,-14.3079,71.8758
0.0,415.23199999999997,-27.487299999999998,30.0703
0.0,419.52,-36.26,9.979999999999999
0.0,318.975,-2.3713200000000003,-227.08700000000002
0.0,388.139,-13.1216,111.253
0.0,423.26000000000005,-9.77093,15.840799999999998
0.0,426.856,-32.5092,-11.501000000000001
0.0,409.003,-56.3952,-69.7946
0.0,397.92499999999995,-28.3415,-118.132
0.0,371.47400000000005,-31.0229,-152.95
0.0,363.44599999999997,-27.2045,-163.119
0.0,356.046,-27.3448,-173.208
0.0,338.517,-21.463,-199.319
0.0,320.639,-28.578599999999998,-224.874
0.0,331.533,5.2616700000000005,164.88
0.0,403.053,-3.1777900000000003,88.05290000000001
0.0,409.66700000000003,-9.43315,70.1085
0.0,414.54200000000003,-7.92056,45.1488
0.0,421.586,2.6163499999999997,28.936300000000003
0.0,314.56,19.435399999999998,172.686
0.0,326.473,11.1263,167.543
0.0,346.46900000000005,30.665399999999998,153.149
0.0,357.332,-9.1624,145.965
0.0,419.371,-28.845599999999997,-50.4159
0.0,386.654,1.89296,-139.08100000000002
0.0,353.44100000000003,15.0379,-183.453
0.0,364.53400000000005,-9.167440000000001,139.889
0.0,396.466,21.7022,100.782
0.0,409.64099999999996,31.897599999999997,76.5219
0.0,421.37,10.665799999999999,36.7834
0.0,340.89799999999997,-5.9752,-197.494
0.0,386.66499999999996,33.8964,115.887
0.0,390.961,37.2954,109.586
0.0,421.576,47.1086,39.3591
0.0,431.584,5.5838399999999995,-14.2398
0.0,422.183,11.9114,-59.4763
0.0,410.729,-4.2581299999999995,-100.826
0.0,410.46,30.139599999999998,-102.31899999999999
0.0,389.424,42.9703,-141.735
0.0,355.8,18.8606,-180.91
0.0,325.727,41.1772,165.928
0.0,408.211,1.43305,77.6471
0.0,427.212,36.156099999999995,10.5148
0.0,429.928,5.217549999999999,-22.473
0.0,368.625,29.080499999999997,-166.769
0.0,295.589,51.5956,179.447
0.0,309.134,44.837799999999994,173.714
0.0,424.32,47.2818,23.4044
0.0,428.262,33.9612,-33.8887
0.0,407.961,35.293699999999994,-107.45
0.0,372.249,42.1531,-164.545
0.0,367.875,36.4807,-169.02700000000002
0.0,363.988,36.214000000000006,-173.808
0.0,343.186,49.0832,151.793
0.0,417.84,46.2428,52.3327
0.0,421.988,65.6357,26.414900000000003
0.0,323.926,18.3187,-221.5
0.0,254.82,57.8281,197.923
0.0,408.45300000000003,79.82770000000001,72.8523
0.0,427.476,48.5728,-7.89689
0.0,428.701,38.9244,-23.169900000000002
0.0,343.86899999999997,24.4492,-197.21
0.0,323.865,34.4972,-222.099
0.0,336.55800000000005,90.50529999999999,150.10999999999999
0.0,343.913,88.81989999999999,144.458
0.0,371.38599999999997,67.83160000000001,123.041
0.0,365.734,83.079,124.265
0.0,394.34000000000003,72.75909999999999,94.4579
0.0,412.822,78.4307,65.1181
0.0,419.352,72.38319999999999,44.1676
0.0,386.28499999999997,44.6837,-146.59
0.0,373.579,71.7418,-164.515
0.0,317.53999999999996,42.889700000000005,-228.11200000000002
0.0,275.322,79.1932,185.679
0.0,303.513,66.4945,173.59199999999998
0.0,384.629,85.1349,104.708
0.0,425.814,69.1915,-34.4333
0.0,414.09200000000004,95.73660000000001,-72.8221
0.0,409.34,83.90899999999999,-94.0893
0.0,405.818,45.6626,-111.971
0.0,361.979,69.4163,-178.958
0.0,262.182,85.5813,191.56500000000003
0.0,409.711,98.21159999999999,60.9853
0.0,304.588,52.3996,-236.088
0.0,299.44100000000003,67.4472,175.68
0.0,403.571,105.112,79.9131
0.0,420.91200000000003,92.01389999999999,-2.97263
0.0,418.033,101.206,-8.63633
0.0,401.057,102.56700000000001,-107.852
0.0,382.246,69.8741,-150.395
0.0,380.316,74.3291,-152.734
0.0,292.891,113.37400000000001,169.386
0.0,329.051,88.9728,154.999
0.0,377.524,125.614,95.8868
0.0,415.18699999999995,96.8772,27.032500000000002
0.0,384.403,120.734,-133.354
0.0,368.558,118.59100000000001,-162.192
0.0,289.28900000000004,73.0741,-239.237
0.0,240.58599999999998,87.6837,203.15800000000002
0.0,310.99399999999997,125.053,155.134
0.0,321.193,111.971,152.68599999999998
0.0,357.466,121.45599999999999,115.309
0.0,400.949,126.957,31.8627
0.0,416.675,110.379,-27.5172
0.0,409.89,132.75300000000001,-46.6168
0.0,365.194,112.55900000000001,-169.662
0.0,280.543,79.96889999999999,-243.41299999999998
0.0,337.49,150.559,120.51599999999999
0.0,358.977,137.824,107.651
0.0,401.37899999999996,120.272,67.34819999999999
0.0,399.92100000000005,121.251,-102.205
0.0,358.577,138.53199999999998,-169.009
0.0,347.425,105.497,-190.15699999999998
0.0,333.637,119.27799999999999,-200.596
0.0,239.49699999999999,106.997,199.708
0.0,286.493,148.066,166.56
0.0,292.313,137.14000000000001,164.643
0.0,393.259,145.71300000000002,31.8446
0.0,405.841,132.628,-0.401682
0.0,412.5,127.41900000000001,-41.3329
0.0,408.281,130.743,-64.9171
0.0,293.719,117.20400000000001,-227.334
0.0,275.335,133.162,175.995
0.0,269.22,112.641,182.541
0.0,292.86600000000004,143.233,162.774
0.0,334.81,154.645,120.88799999999999
0.0,358.755,150.019,98.91659999999999
0.0,387.947,141.65800000000002,63.84720000000001
0.0,384.746,152.878,51.8956
0.0,385.09900000000005,161.53799999999998,40.4936
0.0,403.68199999999996,152.851,-48.3754
0.0,388.868,164.864,-102.547
0.0,385.523,168.609,-108.799
0.0,333.41700000000003,136.993,-197.45399999999998
0.0,354.828,143.441,108.711
0.0,366.607,170.074,67.21969999999999
0.0,402.99600000000004,140.353,-2.40252
0.0,295.59400000000005,149.263,158.581
0.0,308.628,168.11100000000002,138.77999999999997
0.0,376.468,192.976,21.9192
0.0,384.012,183.208,2.59101
0.0,391.018,184.28900000000002,-44.2626
0.0,378.872,174.172,-118.79599999999999
0.0,291.64,131.631,-226.047
0.0,267.34999999999997,157.651,175.77599999999998
0.0,284.435,148.077,167.90800000000002
0.0,306.15,165.011,142.541
0.0,326.193,170.44500000000002,118.957
0.0,371.69,203.692,22.505
0.0,396.461,162.065,-75.8701
0.0,316.121,172.534,-202.314
0.0,295.476,149.857,-220.909
0.0,273.16200000000003,173.28,-226.12699999999998
0.0,238.761,145.197,192.36700000000002
0.0,357.585,189.42999999999998,64.63850000000001
0.0,366.731,205.55,32.1161
0.0,382.172,188.14000000000001,-98.7925
0.0,289.668,156.07,-223.10399999999998
0.0,272.241,183.252,165.713
0.0,336.399,165.701,112.00200000000001
0.0,340.032,201.83499999999998,75.0289
0.0,341.305,233.848,47.2224
0.0,384.563,199.585,-53.7494
0.0,380.226,207.398,-65.8125
0.0,373.161,188.386,-120.87599999999999
0.0,206.608,146.953,213.952
0.0,261.192,187.525,173.769
0.0,327.319,218.304,77.4798
0.0,342.638,224.958,54.2599
0.0,364.589,220.04000000000002,14.0281
0.0,374.942,217.665,-67.00309999999999
0.0,344.394,176.914,-173.392
0.0,336.58500000000004,185.446,-176.627
0.0,298.224,175.684,145.253
0.0,295.296,220.637,116.005
0.0,308.59700000000004,197.501,119.38600000000001
0.0,354.184,216.579,42.4569
0.0,367.616,231.796,-52.671299999999995
0.0,364.03999999999996,221.964,-99.44659999999999
0.0,324.76,201.05700000000002,-179.37800000000001
0.0,314.407,180.704,-201.11100000000002
0.0,216.953,171.172,203.003
0.0,241.20600000000002,214.028,183.395
0.0,320.575,215.006,87.4253
0.0,366.457,225.08100000000002,-15.2693
0.0,361.35299999999995,235.77200000000002,-83.3158
0.0,364.80400000000003,199.481,-128.32
0.0,301.03200000000004,177.26500000000001,-210.589
0.0,262.61,177.286,-228.404
0.0,216.21599999999998,178.701,202.779
0.0,257.474,192.423,175.577
0.0,355.531,234.641,9.37122
0.0,361.053,240.232,-53.6306
0.0,349.91499999999996,248.67000000000002,-87.6836
0.0,306.661,212.697,-187.684
0.0,266.925,189.326,-222.06
0.0,292.67900000000003,222.19,118.762
0.0,321.096,243.84300000000002,66.226
0.0,328.494,239.469,61.1514
0.0,348.873,240.649,-103.9
0.0,338.806,235.089,-133.04
0.0,316.18600000000004,250.557,-149.474
0.0,302.045,224.836,-183.981
0.0,287.721,233.747,-188.04100000000003
0.0,214.586,191.369,201.787
0.0,268.667,209.907,158.383
0.0,277.69899999999996,223.252,139.117
0.0,303.22900000000004,246.468,86.80499999999999
0.0,347.636,255.63599999999997,-55.685900000000004
0.0,328.629,271.187,-87.06949999999999
0.0,336.85900000000004,258.812,-100.945
0.0,267.829,203.08100000000002,-214.59900000000002
0.0,242.04999999999998,187.295,-232.049
0.0,295.58,249.297,94.2568
0.0,305.00100000000003,244.705,-166.448
0.0,235.744,223.449,185.53900000000002
0.0,252.882,234.68900000000002,163.93099999999998
0.0,266.127,251.84699999999998,127.54099999999998
0.0,337.528,244.73600000000002,37.8724
0.0,322.197,274.737,0.175052
0.0,322.905,279.15000000000003,-58.3806
0.0,316.975,276.528,-105.917
0.0,318.072,262.09900000000005,-132.25
0.0,270.787,250.183,-187.231
0.0,198.80900000000003,194.728,210.16899999999998
0.0,227.309,217.141,192.158
0.0,240.68200000000002,230.87,178.824
0.0,243.228,242.958,171.08
0.0,257.631,283.568,110.41199999999999
0.0,288.41499999999996,257.087,96.3715
0.0,304.00500000000005,268.472,60.011700000000005
0.0,333.807,250.72499999999997,33.5692
0.0,327.511,273.324,-35.852000000000004
0.0,298.86600000000004,284.36400000000003,-130.64700000000002
0.0,282.279,282.431,-151.792
0.0,303.90099999999995,258.90200000000004,-155.85299999999998
0.0,227.009,202.613,-233.023
0.0,343.089,246.48000000000002,18.8216
0.0,310.834,292.105,-36.195
0.0,307.855,292.3,-85.15090000000001
0.0,234.96800000000002,185.692,-236.18200000000002
0.0,235.683,266.84000000000003,-201.24900000000002
0.0,217.59400000000002,234.481,195.596
0.0,282.851,288.175,66.096
0.0,275.872,302.736,55.412000000000006
0.0,301.712,303.402,-74.42890000000001
0.0,284.26099999999997,307.271,-116.193
0.0,285.97,287.769,-143.13799999999998
0.0,207.38899999999998,237.12800000000001,201.824
0.0,275.204,323.298,-107.725
0.0,266.612,276.95799999999997,-168.71
0.0,256.072,260.903,-190.03400000000002
0.0,204.297,251.554,201.201
0.0,222.028,254.45499999999998,185.944
0.0,257.47999999999996,318.428,65.73379999999999
0.0,285.978,306.74,15.0742
0.0,284.076,314.029,-5.60947
0.0,287.79900000000004,314.71700000000004,-23.6221
0.0,294.502,310.38500000000005,-38.9794
0.0,231.61499999999998,267.03900000000004,-203.682
0.0,222.369,283.245,170.91400000000002
0.0,268.5,306.83,62.52
0.0,267.201,345.554,-40.7697
0.0,292.666,315.698,-70.02890000000001
0.0,265.385,306.958,-139.974
0.0,235.976,282.036,-192.19400000000002
0.0,231.942,273.43899999999996,-200.208
0.0,260.623,270.18399999999997,120.162
0.0,251.18099999999998,287.76,115.997
0.0,243.364,306.548,105.267
0.0,277.039,307.397,41.895799999999994
0.0,272.08,320.88899999999995,15.2679
0.0,268.584,346.70099999999996,-55.326899999999995
0.0,268.43699999999995,346.972,-72.4024
0.0,261.93899999999996,334.78599999999994,-112.821
0.0,260.53900000000004,317.514,-133.222
0.0,245.833,311.197,-153.091
0.0,177.096,259.865,-237.62
0.0,178.194,233.68800000000002,215.90200000000002
0.0,191.279,262.94,202.909
0.0,253.254,318.399,74.7318
0.0,249.765,330.412,60.482
0.0,241.461,363.696,-11.853000000000002
0.0,261.397,350.815,-79.489
0.0,176.52100000000002,255.47599999999997,-240.623
0.0,177.791,247.055,212.205
0.0,220.60399999999998,291.939,166.70399999999998
0.0,263.11699999999996,348.192,-32.9148
0.0,198.33200000000002,282.883,-214.79000000000002
0.0,195.625,271.505,-221.71699999999998
0.0,239.623,325.974,87.0986
0.0,233.354,368.956,-5.54097
0.0,226.751,324.491,-154.557
0.0,206.132,318.57099999999997,-178.758
0.0,220.883,301.51099999999997,-185.331
0.0,193.83100000000002,280.558,-218.018
0.0,181.337,270.79900000000004,201.967
0.0,188.345,282.099,194.63400000000001
0.0,218.425,301.423,160.913
0.0,222.226,311.58000000000004,142.778
0.0,220.642,318.85200000000003,133.943
0.0,238.03199999999998,339.566,69.54820000000001
0.0,231.856,362.319,17.0996
0.0,250.083,363.94300000000004,-67.3337
0.0,257.315,343.532,-105.53800000000001
0.0,225.402,338.07,-140.012
0.0,196.845,329.704,-173.767
0.0,151.45,257.41999999999996,212.97
0.0,234.459,376.185,-66.6785
0.0,235.28,360.94300000000004,-104.426
0.0,219.974,362.539,-117.91600000000001
0.0,157.26299999999998,268.04200000000003,-241.677
0.0,149.50900000000001,266.435,208.78199999999998
0.0,186.004,306.79200000000003,179.07
0.0,202.69699999999997,343.887,119.42999999999999
0.0,226.395,353.829,64.9681
0.0,219.87599999999998,365.865,46.4562
0.0,213.541,382.276,-94.14150000000001
0.0,196.604,343.12399999999997,-159.219
0.0,194.636,305.238,-199.66400000000002
0.0,191.589,308.964,176.816
0.0,213.112,385.903,-2.93168
0.0,224.13,384.356,-56.6578
0.0,204.818,358.31600000000003,-134.963
0.0,180.351,301.251,-210.145
0.0,158.269,277.875,-234.827
0.0,169.75799999999998,283.726,197.33700000000002
0.0,213.323,390.70500000000004,-39.0362
0.0,198.47500000000002,374.15700000000004,-124.41199999999999
0.0,188.673,358.465,-148.783
0.0,178.118,329.964,-187.26899999999998
0.0,156.946,326.77299999999997,-202.21800000000002
0.0,178.642,290.737,192.00400000000002
0.0,200.608,346.578,117.529
0.0,199.756,359.392,93.73270000000001
0.0,204.692,377.972,-113.96000000000001
0.0,173.929,343.93600000000004,-175.818
0.0,145.18200000000002,289.274,-233.28
0.0,176.35899999999998,295.192,189.73100000000002
0.0,190.751,322.013,162.107
0.0,201.356,373.40299999999996,66.4681
0.0,202.076,378.483,53.845499999999994
0.0,199.712,397.324,-49.423500000000004
0.0,205.117,392.553,-72.787
0.0,209.061,389.817,-76.211
0.0,134.73499999999999,309.693,-224.511
0.0,119.504,297.831,-239.74599999999998
0.0,172.696,336.171,150.303
0.0,183.863,403.72999999999996,-26.5634
0.0,188.558,401.532,-44.514900000000004
0.0,206.851,385.426,-95.0688
0.0,149.327,391.64700000000005,-129.365
0.0,125.783,361.72900000000004,-190.522
0.0,149.06,350.297,-186.18
0.0,159.667,340.469,-188.79999999999998
0.0,124.284,297.234,191.819
0.0,156.149,319.49499999999995,171.432
0.0,134.448,404.55600000000004,-108.869
0.0,128.82,380.475,-163.88
0.0,177.322,367.887,-147.483
0.0,182.43,387.299,59.060700000000004
0.0,196.046,384.34200000000004,52.2146
0.0,175.13500000000002,403.429,8.2635
0.0,129.191,411.545,-88.7005
0.0,153.06900000000002,403.43,-93.444
0.0,117.505,363.12699999999995,-193.994
0.0,126.79899999999999,357.937,-192.95000000000002
0.0,132.977,333.137,-209.307
0.0,112.649,305.32300000000004,186.763
0.0,169.139,346.188,138.41500000000002
0.0,178.852,349.352,130.487
0.0,192.624,393.48199999999997,26.3165
0.0,167.875,408.143,-31.1009
0.0,148.522,410.832,-62.591800000000006
0.0,101.529,329.886,-226.733
0.0,106.46,312.204,182.07000000000002
0.0,138.35,332.98100000000005,160.478
0.0,102.487,358.71599999999995,-204.10600000000002
0.0,182.294,355.98400000000004,120.134
0.0,164.272,369.939,109.386
0.0,121.73599999999999,419.165,-31.0323
0.0,144.55499999999998,395.889,-123.06599999999999
0.0,103.78800000000001,393.639,-154.85999999999999
0.0,106.676,383.406,-171.178
0.0,89.6618,345.01300000000003,-220.633
0.0,124.014,332.42699999999996,163.03699999999998
0.0,135.526,402.052,62.9638
0.0,147.827,405.89300000000003,38.0569
0.0,121.266,417.78900000000004,-60.0129
0.0,118.118,406.849,-114.69
0.0,100.58200000000001,399.926,-143.544
0.0,100.71900000000001,396.45399999999995,-150.748
0.0,119.065,353.89300000000003,142.428
0.0,116.527,411.56399999999996,48.9495
0.0,140.882,413.744,-6.313359999999999
0.0,113.688,373.367,-182.638
0.0,155.571,353.571,134.36999999999998
0.0,97.7383,422.49399999999997,4.01307
0.0,98.84700000000001,423.987,-39.9063
0.0,99.0026,423.587,-49.586600000000004
0.0,122.95100000000001,414.068,-83.4935
0.0,97.1527,414.191,-107.24799999999999
0.0,98.388,404.089,-134.959
0.0,87.4554,388.77099999999996,-170.289
0.0,75.43130000000001,330.894,171.603
0.0,98.24380000000001,382.849,113.578
0.0,90.6928,406.21000000000004,77.2694
0.0,109.857,415.54999999999995,37.514199999999995
0.0,91.0282,425.846,-31.894199999999998
0.0,104.566,421.873,-56.7705
0.0,94.2577,422.118,-74.0127
0.0,94.0714,419.334,-89.3427
0.0,93.8987,410.32800000000003,-121.462
0.0,78.7156,378.679,-188.359
0.0,67.58260000000001,339.09299999999996,165.752
0.0,70.60239999999999,349.748,155.689
0.0,71.28750000000001,352.908,152.531
0.0,72.9986,360.985,144.315
0.0,72.5151,372.959,131.44
0.0,77.8467,380.49399999999997,121.412
0.0,78.05,391.96,105.97
0.0,116.237,396.515,86.58970000000001
0.0,94.4676,400.09499999999997,87.9662
0.0,97.39150000000001,410.81800000000004,63.155699999999996
0.0,99.6282,418.151,34.416000000000004
0.0,87.29,420.91,32.11
0.0,88.3575,422.224,22.867700000000003
0.0,88.03,422.73,19.61
0.0,88.1018,423.939,9.925939999999999
0.0,83.5811,426.099,-2.1388000000000003
0.0,79.7056,427.787,-14.2172
0.0,83.3538,427.41200000000003,-26.192300000000003
0.0,89.2,424.15000000000003,-66.75
0.0,64.7587,427.745,-77.4654
0.0,91.7114,416.908,-101.565
0.0,76.17,382.72,-183.34
0.0,74.8148,370.584,-199.97899999999998
0.0,70.07,363.15,-209.53
0.0,-65.4435,-280.13500000000005,122.721
0.0,-91.01259999999999,-293.191,95.55189999999999
0.0,-116.54,-323.56,-4.9399999999999995
0.0,-135.048,-317.438,-38.417699999999996
0.0,-96.93060000000001,-304.57800000000003,74.87639999999999
0.0,-101.331,-319.047,43.14960000000001
0.0,-106.657,-326.435,-2.25559
0.0,-110.399,-327.049,-56.527800000000006
0.0,-95.24000000000001,-291.071,-169.85500000000002
0.0,-79.914,-282.90700000000004,113.56700000000001
0.0,-78.99839999999999,-308.16900000000004,78.24839999999999
0.0,-102.006,-328.551,-10.9587
0.0,-108.382,-308.718,-132.511
0.0,-104.66300000000001,-290.329,-164.75400000000002
0.0,-75.3797,-239.197,159.489
0.0,-69.3926,-274.351,127.47
0.0,-72.1469,-299.25600000000003,94.5974
0.0,-80.8054,-320.349,51.1368
0.0,-96.7506,-326.193,21.432199999999998
0.0,-94.67250000000001,-333.952,-44.2681
0.0,-68.1558,-260.07599999999996,142.526
0.0,-55.6935,-315.819,71.4115
0.0,-73.0963,-330.90000000000003,20.0762
0.0,-91.51950000000001,-332.701,-21.3963
0.0,-86.53909999999999,-337.443,-53.9145
0.0,-93.43769999999999,-329.237,-95.1291
0.0,-85.0437,-329.177,-107.02499999999999
0.0,-99.7281,-303.651,-150.20600000000002
0.0,-91.8058,-301.314,-159.75
0.0,-59.2986,-272.325,132.899
0.0,-61.656299999999995,-309.564,80.776
0.0,-56.6541,-329.515,36.0218
0.0,-70.343,-340.293,-29.0822
0.0,-89.7951,-299.09799999999996,-163.986
0.0,-50.147400000000005,-247.356,159.629
0.0,-55.674,-297.577,102.154
0.0,-52.9865,-325.09,49.5829
0.0,-85.82130000000001,-337.538,-60.565599999999996
0.0,-74.1737,-335.603,-97.76089999999999
0.0,-55.319,-304.497,91.8063
0.0,-48.192899999999995,-324.649,51.6483
0.0,-54.2149,-328.457,38.3876
0.0,-58.1194,-338.78999999999996,-8.50835
0.0,-67.9932,-342.397,-39.250800000000005
0.0,-54.727199999999996,-345.406,-84.62939999999999
0.0,-91.7621,-273.621,-187.214
0.0,-29.6153,-266.909,-208.537
0.0,-40.9896,-266.807,144.172
0.0,-38.0578,-297.477,106.362
0.0,-67.4021,-343.108,-68.9162
0.0,-57.0376,-336.11,-116.82199999999999
0.0,-57.6375,-314.751,-159.09400000000002
0.0,-76.9194,-274.762,-191.443
0.0,-30.3866,-274.08700000000005,138.808
0.0,-33.0994,-280.42499999999995,131.31699999999998
0.0,-36.845299999999995,-321.578,61.2134
0.0,-18.5513,-334.534,24.8065
0.0,-39.0734,-344.355,-16.2606
0.0,-30.7555,-351.301,-41.2016
0.0,-58.652,-345.058,-74.3351
0.0,-48.547399999999996,-346.298,-92.9953
0.0,-29.2679,-302.493,100.377
0.0,-23.0183,-337.373,14.3721
0.0,-37.3322,-350.353,-47.018299999999996
0.0,-37.9438,-348.096,-97.79390000000001
0.0,-30.3461,-323.08799999999997,-165.39999999999998
0.0,-15.1802,-270.509,145.456
0.0,-20.7971,-317.868,69.9483
0.0,9.81831,-337.721,20.1593
0.0,-6.814579999999999,-351.862,-26.6493
0.0,-21.2652,-355.11199999999997,-68.167
0.0,-31.027800000000003,-346.527,-111.78399999999999
0.0,-22.279,-302.207,-187.56900000000002
0.0,-18.1119,-298.666,107.204
0.0,-32.7234,-283.634,-197.08700000000002
0.0,3.69585,-274.58700000000005,-211.22199999999998
0.0,-2.44533,-271.475,146.068
0.0,-4.30124,-277.611,139.12800000000001
0.0,-2.43365,-331.442,34.9766
0.0,14.7588,-351.54999999999995,-18.2103
0.0,8.31067,-250.67000000000002,167.961
0.0,-0.480946,-296.07099999999997,112.04899999999999
0.0,-1.86686,-310.042,86.1528
0.0,8.63557,-329.706,39.881
0.0,-11.4255,-350.238,-118.237
0.0,-13.9877,-335.78799999999995,-150.391
0.0,2.21132,-319.916,-183.606
0.0,-4.63386,-290.872,-200.197
0.0,19.2577,-263.443,-220.633
0.0,28.8916,-233.56099999999998,183.012
0.0,17.711000000000002,-268.198,150.607
0.0,27.1708,-318.99699999999996,64.0352
0.0,10.9628,-319.015,65.6483
0.0,37.3012,-353.371,-20.8979
0.0,2.7033500000000004,-361.116,-75.6462
0.0,0.0847946,-333.011,-173.192
0.0,20.712600000000002,-247.517,171.16600000000003
0.0,16.884,-296.217,110.82400000000001
0.0,31.4614,-313.137,75.80439999999999
0.0,33.992399999999996,-336.113,25.4955
0.0,4.4115400000000005,-360.58299999999997,-60.8551
0.0,14.575299999999999,-360.62100000000004,-89.5818
0.0,13.868500000000001,-278.145,-210.955
0.0,31.2988,-265.35900000000004,153.112
0.0,20.600299999999997,-274.775,143.05
0.0,51.2431,-311.685,76.2349
0.0,56.917500000000004,-333.895,30.3056
0.0,39.869099999999996,-353.005,-124.574
0.0,8.96941,-327.113,-179.85899999999998
0.0,31.0103,-290.82599999999996,118.58200000000001
0.0,32.0006,-302.48900000000003,97.2196
0.0,59.1941,-328.195,42.6918
0.0,59.4435,-359.54,-51.5979
0.0,59.0817,-360.359,-79.7462
0.0,41.2686,-348.813,-137.168
0.0,5.97277,-333.46999999999997,-174.814
0.0,31.0534,-333.81300000000005,-171.356
0.0,33.542,-238.084,178.875
0.0,42.8652,-259.288,158.194
0.0,47.1738,-319.44,61.4006
0.0,59.5372,-347.694,-5.7929
0.0,28.800099999999997,-355.906,-116.38999999999999
0.0,79.51379999999999,-349.899,-124.655
0.0,55.4795,-344.652,-146.987
0.0,55.0099,-285.293,123.414
0.0,46.667100000000005,-290.344,116.86
0.0,25.7306,-305.799,-194.608
0.0,32.3477,-278.486,-212.989
0.0,56.0837,-272.37,141.394
0.0,73.91069999999999,-305.801,83.9126
0.0,87.7805,-320.859,54.3812
0.0,71.75,-326.48,45.14
0.0,46.5249,-354.936,-25.8333
0.0,83.7139,-359.78900000000004,-61.2978
0.0,78.1336,-265.519,144.815
0.0,60.5451,-292.81,110.03
0.0,81.1868,-326.462,44.2785
0.0,78.1859,-333.104,30.7244
0.0,65.4757,-352.053,-18.2049
0.0,76.2162,-343.38,-143.005
0.0,68.5827,-321.81399999999996,-176.857
0.0,38.0155,-262.69399999999996,-223.515
0.0,73.5216,-245.328,165.829
0.0,79.3107,-250.46400000000003,159.592
0.0,73.8375,-281.522,124.956
0.0,117.262,-312.796,63.55049999999999
0.0,100.161,-317.899,57.9346
0.0,104.767,-356.636,-89.6658
0.0,68.72359999999999,-296.29100000000005,-200.853
0.0,69.5331,-239.82899999999998,-239.89
0.0,133.282,-306.18899999999996,70.8632
0.0,109.086,-305.731,77.31540000000001
0.0,106.80000000000001,-358.064,-49.5514
0.0,120.642,-351.993,-105.617
0.0,107.752,-353.199,-102.93900000000001
0.0,71.44290000000001,-312.662,-185.57100000000003
0.0,137.629,-304.34099999999995,72.6439
0.0,117.315,-337.262,15.9253
0.0,131.584,-342.298,1.03414
0.0,106.129,-352.94399999999996,-24.1691
0.0,130.411,-355.505,-45.078399999999995
0.0,114.552,-357.794,-72.2171
0.0,107.46,-348.557,-118.437
0.0,79.0482,-303.181,-192.245
0.0,74.0337,-283.136,-210.613
0.0,74.3384,-251.894,-233.604
0.0,92.2278,-217.616,180.9
0.0,96.1627,-262.123,143.24
0.0,88.1117,-275.93600000000004,128.939
0.0,145.544,-294.09000000000003,86.1788
0.0,121.48200000000001,-292.44100000000003,95.61989999999999
0.0,112.086,-323.945,44.682
0.0,141.434,-352.626,-97.2556
0.0,108.196,-333.94,-149.141
0.0,92.9209,-215.621,181.781
0.0,133.832,-275.565,115.693
0.0,116.52600000000001,-279.402,115.82199999999999
0.0,127.604,-285.343,104.257
0.0,134.251,-330.398,27.4858
0.0,163.186,-341.848,-11.0509
0.0,163.625,-349.668,-93.51329999999999
0.0,98.68209999999999,-276.431,-214.43400000000003
0.0,121.287,-227.509,-247.559
0.0,104.66,-220.85,175.735
0.0,150.26999999999998,-351.39300000000003,-45.240500000000004
0.0,137.21,-347.23199999999997,-129.31400000000002
0.0,157.644,-345.474,-129.319
0.0,123.871,-314.544,-167.544
0.0,112.396,-287.302,-200.61200000000002
0.0,98.6254,-233.516,-244.361
0.0,97.4214,-189.635,193.806
0.0,108.846,-203.609,184.91
0.0,98.5813,-241.04600000000002,162.499
0.0,164.37199999999999,-334.53,6.942130000000001
0.0,166.86599999999999,-345.517,-27.8719
0.0,177.07999999999998,-346.203,-92.9451
0.0,150.284,-350.77000000000004,-116.591
0.0,108.982,-259.71,-227.696
0.0,113.286,-254.98399999999998,-229.379
0.0,158.138,-271.16200000000003,112.57300000000001
0.0,152.35999999999999,-300.81,73.2
0.0,152.805,-320.50800000000004,40.274499999999996
0.0,194.782,-338.705,-41.7456
0.0,176.667,-345.617,-59.1776
0.0,125.923,-267.641,-216.575
0.0,116.32199999999999,-256.644,142.459
0.0,169.558,-303.05199999999996,63.0
0.0,178.441,-308.815,49.3368
0.0,163.463,-301.464,-172.94799999999998
0.0,135.685,-219.321,-250.19599999999997
0.0,114.216,-221.123,-250.789
0.0,106.019,-187.87599999999998,192.24099999999999
0.0,156.13299999999998,-220.446,157.69
0.0,145.4,-240.065,147.294
0.0,170.505,-286.8,87.9532
0.0,192.00300000000001,-340.437,-61.5326
0.0,153.609,-286.757,-189.17999999999998
0.0,140.004,-268.283,-210.84900000000002
0.0,141.80599999999998,-230.66500000000002,-240.622
0.0,111.904,-200.68,185.145
0.0,120.171,-198.215,183.521
0.0,148.725,-229.08800000000002,154.327
0.0,170.859,-251.00099999999998,129.289
0.0,194.319,-288.658,74.6356
0.0,200.958,-331.94,-19.9843
0.0,172.809,-341.669,-120.25800000000001
0.0,170.246,-331.11400000000003,-137.83599999999998
0.0,195.207,-288.664,-174.831
0.0,154.095,-223.50900000000001,-242.991
0.0,196.086,-241.96,129.246
0.0,219.67600000000002,-269.894,89.4575
0.0,204.257,-318.739,12.552000000000001
0.0,211.066,-285.464,-168.965
0.0,171.566,-273.832,-193.524
0.0,187.15,-244.43300000000002,-211.09
0.0,147.455,-205.747,169.565
0.0,196.487,-245.393,125.90899999999999
0.0,207.24200000000002,-247.98999999999998,119.78
0.0,188.688,-316.76,29.4691
0.0,233.525,-299.78700000000003,-118.34
0.0,236.924,-295.073,-121.96700000000001
0.0,225.916,-278.669,-164.44500000000002
0.0,183.96699999999998,-262.235,-198.69500000000002
0.0,167.303,-217.89700000000002,-243.08599999999998
0.0,144.65,-210.191,-252.60899999999998
0.0,196.512,-260.953,110.306
0.0,215.12,-262.09700000000004,101.119
0.0,204.54,-284.68,75.116
0.0,206.08,-265.872,-195.214
0.0,222.81400000000002,-286.24,61.0291
0.0,233.81,-315.35699999999997,-65.8172
0.0,173.08100000000002,-226.243,-234.53199999999998
0.0,150.611,-209.53900000000002,-252.19599999999997
0.0,166.417,-173.931,177.823
0.0,236.16500000000002,-228.45399999999998,127.969
0.0,232.045,-250.51299999999998,107.276
0.0,229.252,-311.031,0.657958
0.0,247.34900000000002,-304.52299999999997,-17.0413
0.0,244.29999999999998,-302.98,-80.3299
0.0,251.18400000000003,-294.51800000000003,-83.0667
0.0,236.75199999999998,-261.392,-188.723
0.0,207.893,-235.654,-215.75900000000001
0.0,166.34799999999998,-201.94899999999998,-252.08799999999997
0.0,156.288,-187.95600000000002,174.76500000000001
0.0,249.34300000000002,-250.488,98.1066
0.0,251.69399999999996,-275.45599999999996,57.3305
0.0,223.37099999999998,-320.05699999999996,-18.6477
0.0,229.513,-320.639,-54.6591
0.0,242.03900000000002,-290.81600000000003,-120.671
0.0,211.024,-218.06400000000002,-236.04500000000002
0.0,183.291,-219.327,-238.107
0.0,162.525,-197.011,168.796
0.0,174.72299999999998,-203.816,161.839
0.0,275.25699999999995,-276.274,-59.3268
0.0,266.797,-255.211,-135.199
0.0,253.76999999999998,-269.63,-136.5
0.0,248.74099999999999,-256.546,-173.296
0.0,232.36499999999998,-245.201,-202.993
0.0,235.964,-216.459,136.397
0.0,231.304,-316.517,-21.8351
0.0,282.339,-275.735,-28.606800000000003
0.0,271.78999999999996,-252.70199999999997,-128.75
0.0,267.962,-238.946,-165.662
0.0,201.609,-187.287,-252.457
0.0,168.435,-166.002,181.07999999999998
0.0,195.638,-207.508,154.09
0.0,266.63,-268.604,54.6486
0.0,286.19800000000004,-269.40999999999997,-43.7687
0.0,278.19899999999996,-259.64799999999997,-95.345
0.0,247.98600000000002,-244.461,-189.186
0.0,234.91899999999998,-227.293,-213.76999999999998
0.0,211.794,-184.797,-251.973
0.0,196.01,-182.938,165.402
0.0,233.768,-207.163,141.957
0.0,264.112,-254.09799999999998,82.053
0.0,289.35499999999996,-269.20500000000004,-32.481500000000004
0.0,286.051,-255.282,-88.3918
0.0,251.08,-228.518,-197.873
0.0,171.224,-154.492,185.749
0.0,280.66200000000003,-259.591,55.1514
0.0,296.68899999999996,-262.049,-15.4408
0.0,310.06600000000003,-233.862,-91.74849999999999
0.0,295.56300000000005,-214.538,-173.113
0.0,281.433,-212.344,-194.078
0.0,255.66299999999998,-207.899,-221.812
0.0,230.80999999999997,-204.47299999999998,-240.457
0.0,214.031,-188.319,157.621
0.0,273.666,-216.195,114.235
0.0,282.333,-224.62699999999998,99.9894
0.0,292.854,-254.471,46.655
0.0,287.705,-269.992,-2.4901400000000002
0.0,315.37199999999996,-243.042,-50.6466
0.0,298.113,-232.35,-127.277
0.0,296.62899999999996,-228.908,-139.846
0.0,244.115,-181.242,-240.27499999999998
0.0,256.478,-217.476,125.888
0.0,304.162,-234.19,65.0232
0.0,334.528,-225.521,-33.1498
0.0,340.55600000000004,-222.245,-63.79070000000001
0.0,333.061,-228.001,-62.63549999999999
0.0,216.735,-150.411,-252.89000000000001
0.0,179.65,-158.442,181.43
0.0,294.58,-212.26,95.57000000000001
0.0,317.585,-239.04600000000002,13.9759
0.0,332.664,-216.145,-86.52799999999999
0.0,326.579,-206.398,-123.864
0.0,309.892,-217.76100000000002,-136.876
0.0,272.549,-191.879,-217.557
0.0,252.429,-181.89,-234.32
0.0,298.526,-201.549,101.81
0.0,311.394,-223.909,67.313
0.0,292.89799999999997,-190.582,-204.474
0.0,269.64700000000005,-154.632,-229.179
0.0,237.81900000000002,-174.042,154.959
0.0,276.55400000000003,-187.757,126.573
0.0,287.883,-180.082,125.466
0.0,334.681,-222.088,-15.8995
0.0,339.874,-193.14999999999998,-118.73100000000001
0.0,301.97499999999997,-202.465,-183.93
0.0,202.928,-134.967,186.792
0.0,340.716,-215.34300000000002,13.6034
0.0,347.27200000000005,-200.161,-82.4586
0.0,325.815,-189.99699999999999,-148.52499999999998
0.0,317.304,-184.24099999999999,-177.757
0.0,243.13000000000002,-146.35500000000002,-244.256
0.0,220.08700000000002,-127.884,185.06900000000002
0.0,281.95799999999997,-158.359,142.899
0.0,373.473,-175.61499999999998,-29.361600000000003
0.0,358.298,-196.29399999999998,-36.6246
0.0,351.00199999999995,-205.813,-47.3108
0.0,281.765,-141.461,-224.06799999999998
0.0,252.76700000000002,-143.54600000000002,-240.70600000000002
0.0,244.74099999999999,-169.286,154.90300000000002
0.0,317.592,-172.387,114.0
0.0,334.62399999999997,-202.88600000000002,65.7388
0.0,356.856,-176.531,-108.702
0.0,347.16799999999995,-181.273,-120.387
0.0,338.19,-164.48,-153.845
0.0,305.589,-176.181,-198.36100000000002
0.0,298.674,-144.78199999999998,-212.195
0.0,239.85799999999998,-125.504,179.74499999999998
0.0,295.883,-129.051,153.376
0.0,349.04600000000005,-186.45000000000002,63.270900000000005
0.0,366.541,-183.499,4.286029999999999
0.0,365.089,-173.09199999999998,-95.75
0.0,321.91999999999996,-143.05399999999997,-196.815
0.0,278.298,-115.25399999999999,-233.787
0.0,264.369,-115.84899999999999,-242.481
0.0,369.486,-158.582,62.68749999999999
0.0,365.771,-174.10999999999999,35.7412
0.0,389.124,-159.766,-16.1472
0.0,369.193,-154.435,-114.836
0.0,348.354,-156.43,-144.45
0.0,311.07099999999997,-126.389,-209.934
0.0,257.693,-115.345,177.88799999999998
0.0,264.069,-116.029,174.86599999999999
0.0,283.46900000000005,-114.521,167.313
0.0,383.609,-158.972,-37.8337
0.0,383.53999999999996,-160.713,-75.61149999999999
0.0,315.367,-146.467,132.702
0.0,338.097,-168.079,103.66499999999999
0.0,390.316,-156.996,-11.559800000000001
0.0,384.932,-134.116,-109.616
0.0,378.666,-141.763,-113.456
0.0,358.907,-122.879,-155.295
0.0,341.07,-137.9,-168.993
0.0,340.188,-104.63,-193.306
0.0,327.37100000000004,-123.477,-199.803
0.0,300.476,-111.499,-222.162
0.0,275.78999999999996,-103.71,-241.82999999999998
0.0,307.072,-100.929,162.905
0.0,383.42900000000003,-155.302,11.0114
0.0,389.492,-138.236,-73.5561
0.0,344.882,-101.279,-186.34
0.0,322.39099999999996,-98.79690000000001,-214.76600000000002
0.0,357.42,-150.261,95.0255
0.0,382.361,-116.533,66.7291
0.0,398.552,-129.186,-24.7674
0.0,389.043,-114.883,-110.97500000000001
0.0,367.891,-112.44,-146.528
0.0,334.081,-104.174,-201.284
0.0,309.031,-83.9075,-235.599
0.0,265.327,-93.3366,183.45700000000002
0.0,373.296,-136.146,75.86959999999999
0.0,384.447,-135.13,49.0848
0.0,403.10400000000004,-115.261,-15.8319
0.0,392.963,-106.906,-67.9311
0.0,361.39,-107.61999999999999,-157.32
0.0,314.612,-101.753,158.449
0.0,330.343,-119.367,138.51
0.0,391.179,-132.28500000000003,-53.1824
0.0,391.934,-86.18299999999999,-114.29599999999999
0.0,379.105,-102.625,-134.67499999999998
0.0,356.094,-91.1926,-169.602
0.0,320.656,-76.4939,-226.708
0.0,277.997,-66.30229999999999,186.679
0.0,320.56,-118.162,147.034
0.0,376.875,-111.941,79.1524
0.0,407.68100000000004,-97.89739999999999,-28.891900000000003
0.0,399.871,-93.1033,-59.6393
0.0,394.513,-92.8124,-84.4771
0.0,392.929,-90.0313,-105.531
0.0,350.703,-74.4002,-180.771
0.0,326.443,-72.4858,-219.404
0.0,287.772,-64.1267,182.71699999999998
0.0,298.97499999999997,-64.03630000000001,177.429
0.0,310.40299999999996,-64.9143,171.256
0.0,320.074,-68.0469,164.638
0.0,332.604,-77.90270000000001,153.506
0.0,343.294,-73.2667,146.144
0.0,345.25,-74.42999999999999,143.65
0.0,352.07300000000004,-95.62049999999999,122.91000000000001
0.0,365.71799999999996,-102.593,102.343
0.0,367.042,-92.9661,104.825
0.0,374.195,-83.2213,101.358
0.0,380.608,-89.2767,89.1819
0.0,384.394,-110.74199999999999,66.2482
0.0,389.246,-106.424,56.8302
0.0,395.80199999999996,-95.1597,50.2945
0.0,391.817,-119.419,28.3052
0.0,399.00600000000003,-105.84,23.1268
0.0,406.26,-97.831,7.979959999999999
0.0,410.926,-89.95559999999999,-17.1855
0.0,405.617,-86.5771,-47.5905
0.0,396.31,-86.06,-84.91
0.0,394.52,-85.44,-99.49
0.0,384.062,-62.016799999999996,-139.47799999999998
0.0,364.887,-81.9422,-159.079
0.0,331.241,-71.627,-212.10399999999998
0.0,-306.218,98.2344,-224.142
0.0,-218.233,222.09699999999998,-254.12400000000002
0.0,-311.17699999999996,82.4935,-222.464
0.0,-300.406,133.146,-218.769
0.0,-284.094,148.135,-230.59799999999998
0.0,-261.975,175.40800000000002,-240.733
0.0,-175.30100000000002,250.143,-265.692
0.0,-145.94099999999997,275.01300000000003,-264.58500000000004
0.0,67.39290000000001,354.781,-218.75
0.0,-281.83599999999996,132.188,-238.931
0.0,-158.50900000000001,255.085,-271.176
0.0,-298.174,110.37700000000001,-229.132
0.0,-261.775,158.303,-247.763
0.0,-209.452,205.509,-267.986
0.0,-204.315,222.308,-263.45099999999996
0.0,-177.118,224.306,-278.49
0.0,-96.30160000000001,288.51500000000004,-272.343
0.0,-70.985,309.88500000000005,-261.91900000000004
0.0,-47.532199999999996,318.668,-258.407
0.0,-26.358199999999997,326.34000000000003,-253.911
0.0,6.771240000000001,337.212,-244.22299999999998
0.0,28.2656,342.144,-237.607
0.0,40.1838,357.85699999999997,-221.81400000000002
0.0,68.1031,346.024,-226.222
0.0,-316.003,75.604,-218.10399999999998
0.0,-235.37199999999999,157.975,-270.097
0.0,-221.188,189.581,-267.337
0.0,-181.661,216.31,-279.923
0.0,-157.279,226.566,-287.543
0.0,-304.938,78.1215,-231.241
0.0,-261.426,152.93200000000002,-250.336
0.0,-143.376,276.975,-265.03900000000004
0.0,-11.7871,324.125,-255.998
0.0,-267.855,126.524,-254.662
0.0,94.2106,334.109,-226.836
0.0,-308.714,54.7538,-232.491
0.0,-275.207,96.4059,-257.00600000000003
0.0,-252.193,153.19299999999998,-258.42900000000003
0.0,-203.673,159.531,-292.539
0.0,-168.912,201.736,-293.739
0.0,-125.59799999999998,225.95399999999998,-301.35699999999997
0.0,-128.16,272.219,-274.339
0.0,-107.491,242.801,-297.233
0.0,-58.5529,288.87,-276.68199999999996
0.0,-16.7215,288.978,-278.32800000000003
0.0,-0.934377,282.757,-282.40700000000004
0.0,26.5892,310.975,-262.152
0.0,-313.426,48.382099999999994,-228.05900000000003
0.0,-281.856,89.76249999999999,-252.718
0.0,-204.04,134.08100000000002,-303.454
0.0,-190.908,171.216,-295.43199999999996
0.0,-140.003,197.80700000000002,-308.139
0.0,-303.181,54.978699999999996,-238.848
0.0,-178.749,172.10500000000002,-301.624
0.0,-16.0053,253.29200000000003,-293.88100000000003
0.0,2.0186100000000002,269.81,-286.989
0.0,-305.349,34.8555,-239.444
0.0,-218.182,116.175,-300.259
0.0,-172.995,157.291,-309.831
0.0,-160.26299999999998,155.423,-315.12600000000003
0.0,-109.278,203.343,-315.685
0.0,-122.67999999999999,204.25,-311.18
0.0,-105.022,229.672,-305.516
0.0,-48.8697,249.636,-295.685
0.0,88.0497,293.996,-257.08799999999997
0.0,97.2988,294.321,-252.672
0.0,-291.29,38.1496,-253.33499999999998
0.0,-227.904,77.1714,-306.0
0.0,-88.3081,220.887,-310.44899999999996
0.0,-43.6973,285.89599999999996,-279.324
0.0,-51.3391,255.98399999999998,-293.193
0.0,-23.345299999999998,246.446,-295.547
0.0,28.343,277.959,-281.50399999999996
0.0,59.7382,295.765,-265.609
0.0,-235.47,93.4566,-294.44100000000003
0.0,-216.10199999999998,108.803,-304.516
0.0,-195.31799999999998,139.89,-306.036
0.0,46.7487,275.522,-280.029
0.0,-303.684,7.9228700000000005,-241.459
0.0,-300.57,27.8774,-245.18699999999998
0.0,-250.977,60.6466,-288.751
0.0,-173.245,135.34199999999998,-317.388
0.0,-157.015,151.322,-317.11699999999996
0.0,-76.5103,202.388,-315.98199999999997
0.0,-73.2484,187.559,-320.242
0.0,-48.6855,207.098,-308.51
0.0,11.7569,245.634,-295.28
0.0,34.0343,289.006,-276.54200000000003
0.0,-288.957,-0.677433,-254.76700000000002
0.0,-302.226,11.4829,-243.573
0.0,-230.182,56.473299999999995,-308.42199999999997
0.0,-199.86499999999998,97.8579,-318.87100000000004
0.0,-116.476,187.63,-317.772
0.0,92.6969,243.062,-285.629
0.0,93.8446,269.909,-270.349
0.0,-183.785,98.6392,-323.839
0.0,-174.262,118.831,-321.492
0.0,-69.4153,181.21300000000002,-321.37
0.0,-32.435199999999995,204.593,-306.794
0.0,56.4896,252.68800000000002,-289.273
0.0,-208.679,79.2863,-318.017
0.0,-195.631,86.135,-324.122
0.0,-77.00179999999999,171.633,-324.606
0.0,-33.6859,173.60999999999999,-314.894
0.0,128.016,246.587,-271.218
0.0,-281.226,-14.3183,-258.699
0.0,-238.974,35.3625,-301.85
0.0,-217.309,71.8172,-315.683
0.0,-109.429,130.804,-323.987
0.0,-12.8784,207.006,-304.409
0.0,-235.99800000000002,18.7887,-303.444
0.0,-200.31799999999998,75.0782,-323.555
0.0,-102.197,113.16,-324.803
0.0,39.5229,234.345,-297.149
0.0,69.3989,225.34799999999998,-296.294
0.0,-244.507,2.1353,-294.38100000000003
0.0,-207.53,32.007,-324.072
0.0,-204.94899999999998,55.0768,-324.139
0.0,-178.43,68.64240000000001,-329.99699999999996
0.0,-76.2157,126.911,-323.368
0.0,-67.0227,157.434,-324.51099999999997
0.0,1.74128,188.889,-306.97799999999995
0.0,51.003600000000006,224.859,-298.252
0.0,121.95,241.011,-277.075
0.0,145.57999999999998,246.867,-262.071
0.0,-165.322,82.1665,-328.179
0.0,-122.336,95.2843,-326.502
0.0,-48.0277,146.279,-321.83299999999997
0.0,100.608,232.68800000000002,-288.30499999999995
0.0,-284.609,-36.6358,-246.681
0.0,-240.953,-16.8674,-292.63
0.0,-100.38999999999999,94.9715,-325.512
0.0,-34.941,150.196,-319.876
0.0,-32.1265,144.734,-319.886
0.0,11.8064,175.505,-308.747
0.0,119.313,209.161,-290.3
0.0,146.447,231.786,-269.854
0.0,156.79399999999998,233.875,-263.441
0.0,177.846,243.26500000000001,-246.642
0.0,-171.22299999999998,30.596700000000002,-337.532
0.0,-125.243,50.8962,-330.98
0.0,-106.205,70.40090000000001,-327.177
0.0,20.2722,175.661,-308.07800000000003
0.0,69.1112,179.728,-302.87399999999997
0.0,104.494,210.698,-293.124
0.0,-254.488,-37.3641,-276.408
0.0,-188.472,3.8343000000000003,-328.307
0.0,-175.077,40.0074,-334.301
0.0,-50.5886,119.901,-321.35
0.0,-22.188200000000002,141.983,-319.42199999999997
0.0,-0.5697369999999999,136.73499999999999,-317.979
0.0,76.4344,218.487,-296.467
0.0,144.612,208.897,-278.452
0.0,208.582,233.839,-233.473
0.0,-175.8,-9.1371,-330.14300000000003
0.0,125.031,208.832,-287.826
0.0,199.609,237.19899999999998,-236.97
0.0,171.07,204.99200000000002,-264.671
0.0,-263.832,-61.1633,-257.52000000000004
0.0,-245.65699999999998,-63.4937,-274.52
0.0,-238.486,-37.1306,-289.39300000000003
0.0,-227.36999999999998,-26.6936,-298.88300000000004
0.0,-99.95139999999999,48.370999999999995,-328.884
0.0,-84.0146,54.199400000000004,-326.447
0.0,-68.12559999999999,69.75580000000001,-324.266
0.0,-47.5274,88.96289999999999,-321.863
0.0,-37.3922,96.3415,-321.204
0.0,-1.10801,116.187,-320.533
0.0,-114.354,19.4166,-334.083
0.0,-104.30499999999999,36.2375,-330.805
0.0,27.2527,120.017,-317.282
0.0,156.851,194.408,-275.28000000000003
0.0,-257.864,-74.2982,-256.88100000000003
0.0,-248.042,-68.8859,-269.402
0.0,-219.57299999999998,-32.7181,-301.772
0.0,-146.664,6.025919999999999,-338.997
0.0,65.9058,142.55399999999997,-309.184
0.0,149.131,197.163,-278.86100000000005
0.0,-252.048,-84.757,-256.328
0.0,-73.5084,32.8866,-326.005
0.0,-31.0779,77.0483,-319.978
0.0,7.04135,116.002,-320.276
0.0,37.2252,109.215,-317.918
0.0,112.663,144.216,-298.79499999999996
0.0,125.59600000000002,124.428,-297.39799999999997
0.0,-249.195,-89.894,-255.611
0.0,-238.196,-81.05420000000001,-271.455
0.0,-205.423,-39.0674,-306.32599999999996
0.0,-88.3776,-4.85821,-328.743
0.0,-33.887800000000006,31.684900000000003,-320.70300000000003
0.0,-37.0768,51.849399999999996,-320.865
0.0,0.585231,76.3026,-318.111
0.0,92.06540000000001,119.287,-307.174
0.0,-232.56199999999998,-89.73689999999999,-270.231
0.0,-71.98140000000001,19.791900000000002,-325.661
0.0,138.11499999999998,166.351,-288.797
0.0,154.54399999999998,156.252,-283.723
0.0,169.22,198.638,-267.396
0.0,178.80499999999998,162.53699999999998,-270.797
0.0,-171.155,-45.6032,-315.376
0.0,-128.06400000000002,-33.7954,-330.462
0.0,-129.751,-15.7149,-336.09299999999996
0.0,46.6118,105.91000000000001,-317.202
0.0,215.034,199.519,-240.778
0.0,-172.398,-60.4056,-307.172
0.0,-100.91,-17.51,-330.40599999999995
0.0,-14.9815,40.3878,-318.979
0.0,41.567800000000005,68.0472,-316.757
0.0,106.893,89.048,-307.054
0.0,215.493,163.649,-251.61099999999996
0.0,-8.12923,39.2014,-318.18
0.0,19.7407,50.6177,-316.662
0.0,65.1637,90.52720000000001,-314.446
0.0,96.1058,89.3116,-309.574
0.0,197.186,164.988,-260.198
0.0,206.206,132.64999999999998,-262.942
0.0,13.1839,15.5142,-312.20599999999996
0.0,55.7699,37.38120000000001,-312.428
0.0,153.17,94.4919,-291.981
0.0,151.524,132.666,-288.28
0.0,174.01500000000001,139.679,-278.89000000000004
0.0,-231.682,-100.655,-261.584
0.0,-188.578,-84.8743,-292.01300000000003
0.0,-109.384,-57.5698,-323.514
0.0,-59.7138,-12.7331,-321.53900000000004
0.0,74.3578,55.989700000000006,-310.731
0.0,198.946,118.40299999999999,-270.33299999999997
0.0,-219.933,-89.9674,-279.2
0.0,-196.20499999999998,-123.882,-263.278
0.0,-184.955,-127.40299999999999,-265.154
0.0,-158.73000000000002,-77.739,-298.62699999999995
0.0,-94.46390000000001,-75.2544,-318.776
0.0,-43.7733,-13.4938,-318.531
0.0,89.6285,25.9022,-308.884
0.0,113.49199999999999,56.3823,-304.784
0.0,121.122,87.56360000000001,-303.259
0.0,158.385,60.7561,-294.593
0.0,162.973,78.9239,-290.508
0.0,190.518,105.416,-276.312
0.0,-24.9501,-1.0501,-317.22
0.0,-19.031200000000002,-10.9228,-314.88
0.0,32.1867,4.23006,-309.983
0.0,231.815,117.163,-257.834
0.0,233.422,140.49800000000002,-249.856
0.0,-206.931,-116.45,-265.012
0.0,-140.459,-93.195,-294.241
0.0,-96.724,-84.0656,-314.324
0.0,-69.20700000000001,-75.37629999999999,-314.824
0.0,-81.30080000000001,-54.682700000000004,-320.661
0.0,-45.3514,-39.9575,-314.127
0.0,98.55940000000001,3.23628,-307.486
0.0,184.697,90.16789999999999,-280.745
0.0,230.756,106.47099999999999,-261.38800000000003
0.0,252.405,141.38500000000002,-241.513
0.0,-124.417,-130.98299999999998,-281.94599999999997
0.0,-34.5197,-50.5653,-309.392
0.0,-3.91485,-14.4412,-311.975
0.0,92.3181,-0.600948,-307.289
0.0,94.70689999999999,13.077,-308.347
0.0,165.852,53.7063,-293.049
0.0,-177.065,-123.03699999999999,-269.534
0.0,112.028,20.708399999999997,-305.164
0.0,151.771,46.5828,-296.906
0.0,227.36999999999998,84.05890000000001,-267.48699999999997
0.0,248.81,117.48,-249.75
0.0,-141.2,-131.023,-277.582
0.0,-72.0632,-94.7585,-309.933
0.0,15.532,-22.3231,-308.44
0.0,252.24,110.88000000000001,-249.66
0.0,-33.8928,-82.8407,-300.262
0.0,38.449999999999996,-43.7,-300.86
0.0,45.356,-11.4919,-306.572
0.0,73.34440000000001,-33.4509,-298.66900000000004
0.0,105.651,-22.591900000000003,-303.416
0.0,178.684,22.174699999999998,-292.773
0.0,229.902,91.19099999999999,-265.129
0.0,270.779,105.819,-242.315
0.0,-166.14499999999998,-159.032,-246.108
0.0,-156.16299999999998,-131.456,-272.077
0.0,-57.0617,-111.133,-300.445
0.0,18.877000000000002,-57.3707,-299.016
0.0,39.9132,-51.4294,-299.25600000000003
0.0,103.795,-13.6847,-305.048
0.0,192.712,63.19220000000001,-281.802
0.0,229.609,82.2661,-267.049
0.0,257.81399999999996,89.62180000000001,-252.465
0.0,-27.3156,-88.53229999999999,-296.25800000000004
0.0,-18.3726,-67.6254,-300.69800000000004
0.0,-15.7976,-82.2722,-295.66900000000004
0.0,77.62280000000001,-48.6407,-296.09799999999996
0.0,163.158,-9.47517,-296.41299999999995
0.0,181.868,29.081300000000002,-291.38
0.0,233.97899999999998,56.1722,-269.041
0.0,-168.05700000000002,-152.715,-251.154
0.0,-73.3067,-122.741,-297.31800000000004
0.0,-19.414,-125.528,-287.98699999999997
0.0,-170.964,-172.65,-230.652
0.0,-112.33,-138.929,-276.945
0.0,-1.92747,-86.28750000000001,-292.54999999999995
0.0,120.43299999999999,-46.425599999999996,-297.821
0.0,178.041,-1.83102,-294.615
0.0,234.098,36.5962,-272.566
0.0,269.32,77.16000000000001,-249.48999999999998
0.0,-127.34,-155.48600000000002,-262.212
0.0,-58.634499999999996,-135.233,-290.987
0.0,9.046190000000001,-129.528,-284.327
0.0,31.096700000000002,-102.16,-288.27599999999995
0.0,40.0912,-99.7392,-288.637
0.0,76.506,-72.6724,-292.03200000000004
0.0,223.53,-41.973000000000006,-294.06
0.0,210.13299999999998,-33.537,-294.86
0.0,249.329,44.3313,-264.788
0.0,-185.757,-180.27599999999998,-218.712
0.0,-98.0119,-126.06500000000001,-289.085
0.0,105.16399999999999,-65.4177,-294.36699999999996
0.0,130.727,-60.2813,-294.482
0.0,239.72899999999998,24.826,-273.638
0.0,267.221,49.7176,-254.93900000000002
0.0,-124.404,-168.373,-251.39099999999996
0.0,-79.6387,-152.844,-271.962
0.0,-55.055800000000005,-129.09699999999998,-294.327
0.0,36.9477,-125.233,-283.098
0.0,71.187,-68.60090000000001,-292.938
0.0,224.911,-9.85473,-287.169
0.0,250.886,4.40062,-275.134
0.0,268.94,20.8621,-262.05699999999996
0.0,158.948,-96.2553,-287.762
0.0,170.034,-52.9416,-295.64
0.0,219.635,-31.0743,-293.498
0.0,288.80499999999995,36.3522,-247.372
0.0,-169.37199999999999,-190.659,-216.76500000000001
0.0,-150.28900000000002,-190.54299999999998,-224.601
0.0,-123.317,-167.481,-252.12699999999998
0.0,-58.2074,-157.888,-273.444
0.0,-34.4998,-149.231,-282.939
0.0,65.2362,-114.85900000000001,-284.705
0.0,195.101,-75.075,-292.912
0.0,249.273,-3.3041,-277.13
0.0,-116.92,-199.47799999999998,-227.825
0.0,-83.9193,-180.785,-252.488
0.0,-39.726400000000005,-142.78099999999998,-286.599
0.0,62.71450000000001,-129.887,-281.189
0.0,104.424,-127.529,-285.742
0.0,110.898,-98.7175,-291.034
0.0,152.09900000000002,-101.56800000000001,-287.01500000000004
0.0,224.35,-66.055,-291.908
0.0,-102.315,-200.589,-230.916
0.0,-55.6485,-188.393,-254.03199999999998
0.0,-44.326,-140.19,-288.149
0.0,34.9112,-130.08800000000002,-281.53299999999996
0.0,128.221,-111.776,-287.69899999999996
0.0,216.629,-66.77199999999999,-292.555
0.0,234.779,-41.6145,-289.435
0.0,290.363,-7.143619999999999,-258.786
0.0,288.999,13.453899999999999,-254.22899999999998
0.0,97.7948,-142.009,-279.459
0.0,110.396,-132.394,-283.716
0.0,132.642,-123.891,-284.288
0.0,202.058,-95.7346,-285.16
0.0,289.443,-9.288319999999999,-258.96000000000004
0.0,203.313,-102.295,-281.795
0.0,212.454,-83.2505,-287.194
0.0,240.44,-57.3594,-286.07300000000004
0.0,35.5159,-155.171,-272.115
0.0,74.35990000000001,-154.021,-272.272
0.0,140.486,-157.872,-271.178
0.0,167.463,-141.51500000000001,-271.935
0.0,186.441,-115.76,-278.22400000000005
0.0,276.31,-41.1814,-264.494
0.0,302.005,-28.301199999999998,-249.835
0.0,294.574,-13.952300000000001,-256.24
0.0,-8.222850000000001,-175.332,-267.366
0.0,96.018,-149.627,-275.845
0.0,128.64100000000002,-168.72899999999998,-269.129
0.0,180.647,-136.085,-270.57399999999996
0.0,268.14,-67.94200000000001,-264.901
0.0,-134.16400000000002,-212.685,-213.367
0.0,-94.4945,-206.289,-229.043
0.0,24.1262,-223.972,-243.87800000000001
0.0,65.5583,-175.206,-264.732
0.0,160.149,-149.24,-270.764
0.0,263.712,-77.767,-263.611
0.0,-43.8101,-214.85199999999998,-237.621
0.0,106.092,-180.504,-266.224
0.0,114.74,-178.537,-266.86
0.0,211.741,-130.092,-260.07000000000005
0.0,219.245,-124.16199999999999,-259.857
0.0,256.484,-102.17,-252.85800000000003
0.0,259.847,-98.0457,-253.46200000000002
0.0,308.132,-47.8467,-242.15300000000002
0.0,-60.7894,-219.772,-230.064
0.0,-3.27546,-179.21300000000002,-264.935
0.0,53.1566,-215.51899999999998,-250.81300000000002
0.0,102.358,-211.694,-254.52200000000002
0.0,108.919,-199.123,-259.49100000000004
0.0,141.608,-182.80599999999998,-261.895
0.0,151.622,-176.434,-262.759
0.0,186.51899999999998,-160.70100000000002,-260.64300000000003
0.0,194.89999999999998,-154.252,-259.454
0.0,214.44,-133.31699999999998,-257.569
0.0,245.99099999999999,-111.24000000000001,-253.88500000000002
0.0,292.159,-83.6951,-246.43
0.0,299.525,-48.3038,-248.34400000000002
0.0,-106.161,-238.99,-205.11499999999998
0.0,-30.3083,-210.872,-242.59900000000002
0.0,13.7821,-195.909,-257.57099999999997
0.0,21.9162,-236.173,-237.176
0.0,36.364599999999996,-231.24800000000002,-241.507
0.0,45.3278,-205.292,-254.905
0.0,69.97200000000001,-217.48600000000002,-250.47199999999998
0.0,140.01,-182.88,-262.13
0.0,187.114,-184.87400000000002,-255.08599999999998
0.0,179.15,-167.349,-261.187
0.0,233.713,-117.547,-256.971
0.0,295.95,-67.28,-247.79999999999998
0.0,-95.0946,-261.74199999999996,-194.775
0.0,-90.6113,-253.937,-201.27100000000002
0.0,-94.2496,-210.30499999999998,-226.601
0.0,-74.5185,-251.657,-207.41299999999998
0.0,-56.087199999999996,-253.46699999999998,-210.79
0.0,-41.7755,-236.214,-224.95000000000002
0.0,-25.2676,-236.75199999999998,-228.303
0.0,-18.9969,-238.67,-228.322
0.0,-7.08666,-239.984,-229.73499999999999
0.0,13.1292,-241.145,-232.99
0.0,43.4088,-233.241,-241.17
0.0,88.9237,-216.035,-251.971
0.0,128.849,-192.589,-260.496
0.0,164.545,-181.338,-259.78299999999996
0.0,214.84,-143.87,-254.42999999999998
0.0,309.74,-62.330000000000005,-238.89
