0.0,-44.0771,46.4541,38.4064
0.0,-48.0475,38.1646,40.541199999999996
0.0,-48.037000000000006,36.3929,41.157199999999996
0.0,-50.2661,27.4463,43.1232
0.0,-51.3512,21.006,44.2229
0.0,-51.8422,14.7612,45.0621
0.0,-51.1115,9.152050000000001,46.122499999999995
0.0,-55.1875,8.16062,44.079800000000006
0.0,-54.9204,0.0483153,44.1581
0.0,-50.9697,-9.91243,45.043600000000005
0.0,-52.159400000000005,-16.9939,43.2524
0.0,-40.3718,43.2764,41.7321
0.0,-47.7359,31.968799999999998,42.954
0.0,-50.3549,-28.3354,43.895900000000005
0.0,-46.6593,-45.177099999999996,37.7201
0.0,-38.2953,48.865899999999996,39.6776
0.0,-39.394800000000004,32.839800000000004,46.1829
0.0,-47.1224,14.443,47.4128
0.0,-44.726,10.394,48.752700000000004
0.0,-47.6256,11.9597,47.4075
0.0,-52.8478,2.1537800000000002,45.4279
0.0,-45.838499999999996,-8.485299999999999,47.913900000000005
0.0,-51.2699,-20.4635,43.467600000000004
0.0,-35.828199999999995,39.5242,45.0426
0.0,-43.6883,26.3321,46.3651
0.0,-46.3863,0.537232,48.278
0.0,-41.084500000000006,-14.501399999999999,49.3559
0.0,-39.5267,-42.655499999999996,41.8844
0.0,-36.0593,44.468,42.791999999999994
0.0,-35.9023,34.636599999999994,46.741
0.0,-45.3112,20.0703,47.209300000000006
0.0,-44.3804,4.09168,49.1259
0.0,-45.0847,-4.548489999999999,48.7135
0.0,-48.4548,-22.0274,44.2648
0.0,-46.050399999999996,-32.401399999999995,43.4293
0.0,-36.1985,-49.4369,40.0435
0.0,-41.386199999999995,26.5048,47.194399999999995
0.0,-35.825700000000005,18.066,50.8763
0.0,-35.5847,13.3696,51.5503
0.0,-39.4189,9.166360000000001,50.7121
0.0,-40.8809,3.5301899999999997,50.4196
0.0,-37.6721,-25.646700000000003,48.327799999999996
0.0,-46.416399999999996,-34.353300000000004,42.5394
0.0,-31.967599999999997,49.717400000000005,41.5719
0.0,-32.677699999999994,49.7023,41.2543
0.0,-31.7369,38.7558,46.607099999999996
0.0,-30.7512,35.8063,47.8958
0.0,-36.75790000000001,25.9348,48.9187
0.0,-33.567600000000006,13.9329,52.0475
0.0,-39.027699999999996,4.31163,51.0885
0.0,-33.994299999999996,-45.398399999999995,42.778
0.0,-37.8907,-32.2106,47.179899999999996
0.0,-31.0492,36.3903,47.567499999999995
0.0,-33.7161,4.67906,52.6243
0.0,-27.490199999999998,48.972500000000004,43.2337
0.0,-28.4265,28.1022,50.7515
0.0,-38.281299999999995,-2.8371899999999997,51.41
0.0,-35.0025,-36.9602,46.9935
0.0,-27.4101,38.3754,47.878299999999996
0.0,-27.6043,7.19575,54.0495
0.0,-34.990899999999996,-6.97743,52.1884
0.0,-23.714,46.856700000000004,45.215199999999996
0.0,-28.9417,22.7453,51.8097
0.0,-30.9806,-29.4198,51.420500000000004
0.0,-18.2677,40.675000000000004,48.9092
0.0,-25.218600000000002,30.2879,50.849
0.0,-25.686,30.6593,50.641
0.0,-23.615199999999998,19.206899999999997,53.5574
0.0,-23.0504,11.5315,54.6736
0.0,-28.721300000000003,-5.3958,53.934400000000004
0.0,-35.327799999999996,-20.895400000000002,51.351
0.0,-32.5792,-25.253999999999998,52.581700000000005
0.0,-25.4615,-23.824499999999997,52.6142
0.0,-19.386,48.101,45.5107
0.0,-24.144,24.8018,52.3794
0.0,-30.6532,-33.6749,49.965799999999994
0.0,-24.5988,-51.9825,44.1668
0.0,-24.041,6.15149,54.7725
0.0,-28.7095,-8.55777,53.8472
0.0,-29.453799999999998,-45.8564,46.334399999999995
0.0,-26.2101,-42.91,47.779500000000006
0.0,-15.424800000000001,48.4636,45.9711
0.0,-18.6293,20.043200000000002,54.2385
0.0,-20.428,10.1781,55.2186
0.0,-22.9021,-28.5107,52.2983
0.0,-17.9329,31.839100000000002,51.7916
0.0,-19.1939,21.9021,53.9149
0.0,-17.8872,16.0568,54.9474
0.0,-23.7937,-14.8685,54.6858
0.0,-16.241,41.6315,48.720800000000004
0.0,-14.9417,2.68886,56.2582
0.0,-20.2359,-16.2208,55.122699999999995
0.0,-13.8506,51.4788,44.6659
0.0,-15.342400000000001,-1.62764,56.084799999999994
0.0,-14.33,-39.127,48.530499999999996
0.0,-19.2062,-22.8967,55.2008
0.0,-28.2369,-48.682900000000004,45.7969
0.0,-11.5885,38.687,50.414100000000005
0.0,-13.1516,8.09507,56.289899999999996
0.0,-11.7172,1.40578,56.486200000000004
0.0,-19.8731,-19.384999999999998,55.074600000000004
0.0,-12.4215,-40.6492,47.8992
0.0,-10.4057,-40.820299999999996,47.8855
0.0,-10.9321,51.59119999999999,44.8868
0.0,-8.82726,45.164,48.1312
0.0,-8.12246,35.016,51.9081
0.0,-11.944700000000001,21.866400000000002,54.7358
0.0,-14.9902,2.97612,56.2193
0.0,-12.4267,-14.3465,55.7288
0.0,-13.0881,-34.4963,50.4575
0.0,-8.49178,12.4998,56.2809
0.0,-10.493300000000001,4.57338,56.6275
0.0,-7.05438,-3.4212499999999997,56.6507
0.0,-4.2143500000000005,47.8924,47.2536
0.0,-11.3848,30.6377,52.8452
0.0,-9.04003,-26.906699999999997,53.775499999999994
0.0,-12.8173,-50.3487,44.039300000000004
0.0,-4.40046,50.6102,45.8627
0.0,-2.7664999999999997,21.5215,55.2678
0.0,-6.24472,8.16101,56.8252
0.0,-9.88388,-17.9231,55.580200000000005
0.0,-7.219930000000001,-58.6526,42.1186
0.0,0.6575930000000001,20.5531,55.551700000000004
0.0,-7.16141,-12.8018,55.940400000000004
0.0,-4.96875,-23.9362,53.500899999999994
0.0,-5.60682,-28.1895,52.9827
0.0,-8.78691,-27.2822,53.560700000000004
0.0,-2.784,30.1803,53.386700000000005
0.0,-3.72118,25.9006,54.3827
0.0,-0.839383,-9.333269999999999,56.4051
0.0,-5.62369,-33.8403,51.2988
0.0,-3.04748,-46.9365,47.828
0.0,-0.170844,11.3436,56.5853
0.0,-3.51722,-7.64241,56.5456
0.0,-8.11873,-16.878,55.2573
0.0,-0.848075,-24.2587,54.2706
0.0,-2.51592,-44.848,48.5859
0.0,1.43608,55.1366,43.4787
0.0,-1.43076,38.50279999999999,51.003800000000005
0.0,-0.92957,-15.8805,56.0345
0.0,-1.4927199999999998,-37.490500000000004,50.557199999999995
0.0,10.2829,-52.117999999999995,47.5697
0.0,4.90887,-50.329899999999995,47.5841
0.0,3.3867599999999998,33.5328,52.535
0.0,5.24827,-2.61671,56.556799999999996
0.0,1.67322,-20.6225,56.698699999999995
0.0,7.973920000000001,-43.6034,49.4131
0.0,-2.03456,-51.357800000000005,46.3371
0.0,5.51058,-56.1086,45.5289
0.0,2.62217,51.757,45.351
0.0,1.23724,7.8469999999999995,56.8446
0.0,4.71132,-17.975,56.0877
0.0,7.19163,-24.2301,54.4937
0.0,9.64336,-40.368,50.073600000000006
0.0,5.4535,-29.2598,53.0597
0.0,5.99714,-52.386,46.9996
0.0,9.98313,47.4683,47.0001
0.0,3.02291,31.676000000000002,53.1006
0.0,12.1313,-20.048,54.5505
0.0,10.182500000000001,-35.4188,51.1927
0.0,4.99209,40.2564,50.3208
0.0,9.885909999999999,2.44244,56.2168
0.0,13.9794,-8.110759999999999,55.2916
0.0,7.81248,-16.4284,55.6948
0.0,11.700800000000001,-24.5874,53.680699999999995
0.0,13.4204,41.3546,49.2508
0.0,5.8144,29.3754,53.610699999999994
0.0,10.5913,24.8505,54.1871
0.0,13.6642,19.1378,54.9167
0.0,12.1829,11.854,55.7984
0.0,19.2891,-22.0698,52.7647
0.0,13.411100000000001,-38.0324,50.2299
0.0,11.3766,-51.108599999999996,47.6053
0.0,15.907399999999999,26.5395,53.3439
0.0,18.621499999999997,-12.1313,54.074200000000005
0.0,20.7356,-16.195899999999998,53.309799999999996
0.0,17.200300000000002,-17.1604,53.928200000000004
0.0,16.1958,-39.317499999999995,49.4711
0.0,13.895100000000001,-33.1651,51.4066
0.0,13.9423,-48.080999999999996,47.5844
0.0,13.460099999999999,-53.7232,45.7128
0.0,10.1706,-56.5152,45.1338
0.0,17.7408,0.534885,54.8286
0.0,18.1788,-5.39784,54.512
0.0,16.7722,-42.3303,48.4897
0.0,8.37728,50.8287,45.646
0.0,16.7138,48.1274,45.8804
0.0,22.0527,-11.9313,53.186
0.0,20.8768,-33.0698,50.1128
0.0,19.094,-34.084700000000005,50.2877
0.0,15.0603,-53.5016,44.9519
0.0,9.16588,30.1825,53.309799999999996
0.0,23.1373,8.46716,53.5892
0.0,16.7728,40.1447,49.2357
0.0,18.712699999999998,16.472,54.3738
0.0,27.4716,-12.8208,51.644299999999994
0.0,22.3565,-14.609399999999999,52.8988
0.0,19.963600000000003,-46.7218,45.8905
0.0,21.4503,-50.2778,43.4754
0.0,24.7197,-28.112499999999997,50.125099999999996
0.0,20.4632,-39.003299999999996,48.5665
0.0,21.854100000000003,55.974500000000006,40.628499999999995
0.0,21.3759,49.2315,44.5524
0.0,22.7126,25.144099999999998,52.4502
0.0,18.700499999999998,13.323500000000001,54.644800000000004
0.0,27.866,-7.3933100000000005,51.5198
0.0,27.026999999999997,-24.960199999999997,49.9231
0.0,22.9042,32.9995,50.6089
0.0,28.445899999999998,19.0407,51.7974
0.0,30.049,-28.184399999999997,48.285399999999996
0.0,29.256600000000002,-33.5522,47.336200000000005
0.0,21.4603,-55.927,39.8415
0.0,24.4593,51.2055,42.772
0.0,23.830199999999998,40.1045,48.0533
0.0,27.737499999999997,27.7184,50.7455
0.0,24.613,-40.2802,46.7326
0.0,27.2046,-43.336800000000004,44.5394
0.0,23.642300000000002,-47.799099999999996,43.8378
0.0,26.932199999999998,-50.221799999999995,41.1082
0.0,25.7737,49.6001,43.317
0.0,32.3526,-10.9351,49.518699999999995
0.0,31.869300000000003,-44.6847,42.180099999999996
0.0,28.2735,-50.5454,40.3829
0.0,31.6785,36.5629,47.36
0.0,31.417199999999998,29.5171,49.4223
0.0,25.636,5.17762,52.7851
0.0,29.8775,-18.4153,49.839
0.0,38.2646,-26.8455,45.1878
0.0,34.4874,-27.4746,46.637499999999996
0.0,31.264,41.181000000000004,45.7105
0.0,37.372099999999996,32.4525,46.9209
0.0,33.9732,25.3671,49.4073
0.0,35.4523,-21.0481,47.0916
0.0,40.5726,-33.9762,42.8179
0.0,33.9477,-40.9046,43.0442
0.0,27.1687,46.2896,44.7039
0.0,37.0334,15.513900000000001,49.172599999999996
0.0,35.5404,7.39954,49.3971
0.0,42.3589,-7.805140000000001,45.1708
0.0,42.837199999999996,-28.636499999999998,43.008900000000004
0.0,31.4612,-35.1436,46.0008
0.0,34.372800000000005,-46.8231,40.1192
0.0,30.984399999999997,-51.326499999999996,38.8475
0.0,37.8562,46.707699999999996,40.969699999999996
0.0,36.626,-12.7956,47.1889
0.0,38.0793,-48.3492,38.045700000000004
0.0,39.217299999999994,-41.3361,40.9438
0.0,31.770899999999997,3.43514,50.5771
0.0,41.9634,-13.8137,44.769200000000005
0.0,38.2153,52.878099999999996,37.2603
0.0,37.878,43.3063,42.573600000000006
0.0,38.5381,25.374000000000002,48.0563
0.0,43.181400000000004,12.1494,46.862500000000004
0.0,42.5002,-22.9236,43.9112
0.0,42.4779,-48.971000000000004,36.282599999999995
0.0,41.794900000000005,39.0861,43.0346
0.0,50.7928,-16.112499999999997,41.282
0.0,46.8443,-22.8769,42.1432
0.0,44.8437,-33.064099999999996,41.2924
0.0,47.2631,-41.1163,38.0054
0.0,45.1895,37.7038,41.9898
0.0,44.716499999999996,34.5161,43.3091
0.0,50.4135,8.4406,43.7465
0.0,44.5069,2.5776000000000003,45.6736
0.0,52.045700000000004,-14.108600000000001,41.068599999999996
0.0,48.418299999999995,-18.5047,41.945299999999996
0.0,46.4481,-47.645399999999995,35.5223
0.0,42.692,47.6841,38.3045
0.0,43.6343,28.4347,45.510099999999994
0.0,54.0848,-5.13646,41.4549
0.0,48.9503,-36.7503,38.665699999999994
0.0,47.776199999999996,-40.7041,37.891
0.0,48.8221,-43.212399999999995,36.5483
0.0,45.574000000000005,47.942499999999995,36.7323
0.0,47.5814,40.525600000000004,39.6211
0.0,44.6171,22.7218,46.0187
0.0,48.6748,18.1474,44.499900000000004
0.0,50.739399999999996,1.29532,43.242599999999996
0.0,52.841,-11.3127,41.1049
0.0,50.831,-27.7894,39.7205
0.0,50.4023,-32.7546,39.0022
0.0,52.5165,38.9601,37.6048
0.0,49.08,36.7759,40.3993
0.0,51.216699999999996,34.3131,40.1785
0.0,48.5345,31.302799999999998,42.488400000000006
0.0,51.0176,25.693299999999997,42.4127
0.0,52.3029,19.2234,42.506099999999996
0.0,55.4566,18.889599999999998,40.7167
0.0,53.5893,11.9114,42.0801
0.0,52.627399999999994,6.4782,42.5732
0.0,55.9347,0.431311,40.8679
0.0,52.276700000000005,-19.8094,40.1795
0.0,-48.332300000000004,-48.294700000000006,34.160799999999995
0.0,-47.0149,-52.3894,32.8896
0.0,-47.9196,-59.4434,27.0348
0.0,-52.0184,-58.8953,25.633599999999998
0.0,-57.7777,-56.6828,20.4104
0.0,-56.910000000000004,-59.6638,17.8644
0.0,-59.5845,-62.0091,9.83221
0.0,-60.7707,-62.2577,6.94873
0.0,-60.030699999999996,-62.797599999999996,-6.69707
0.0,-45.764399999999995,-57.56,29.7059
0.0,-42.5898,-52.5929,33.6896
0.0,-60.4829,-64.3197,2.5101899999999997
0.0,-57.673700000000004,-60.699000000000005,-16.2244
0.0,-52.858200000000004,-55.609,-26.034100000000002
0.0,-49.0329,-53.7785,-33.1042
0.0,-47.2753,-57.114,29.3998
0.0,-54.9997,-67.2052,0.593582
0.0,-54.1407,-66.8378,-6.36125
0.0,-45.8504,-56.4907,-29.041
0.0,-45.4139,-50.3648,-35.263799999999996
0.0,-39.217099999999995,-50.4883,37.1381
0.0,-53.1389,-63.8932,16.9274
0.0,-51.8209,-64.7889,17.0839
0.0,-54.0588,-65.6713,10.2165
0.0,-52.7454,-60.7843,-21.2042
0.0,-50.2943,-57.612700000000004,-26.358
0.0,-46.8576,-61.5755,24.0007
0.0,-50.8295,-70.782,4.90552
0.0,-53.413599999999995,-67.2648,-12.02
0.0,-44.9446,-58.692099999999996,-28.0077
0.0,-40.496900000000004,-59.2093,30.907400000000003
0.0,-44.8669,-66.0839,-20.179
0.0,-46.4213,-73.80340000000001,11.1757
0.0,-46.2695,-73.33449999999999,1.88083
0.0,-39.5724,-56.9381,-31.6566
0.0,-35.6201,-53.3185,38.3644
0.0,-45.2022,-74.5589,3.32645
0.0,-37.2655,-60.0939,-30.4854
0.0,-39.7963,-49.2712,-38.0841
0.0,-33.5424,-67.22,28.2712
0.0,-38.4015,-64.11590000000001,24.895400000000002
0.0,-40.4538,-67.5459,20.2908
0.0,-45.151700000000005,-72.87639999999999,15.330699999999998
0.0,-45.0518,-74.0548,-4.14715
0.0,-48.9693,-69.34849999999999,-12.588099999999999
0.0,-44.1629,-68.0088,-18.8661
0.0,-34.9705,-52.5194,-37.104600000000005
0.0,-30.6501,-54.839,40.5141
0.0,-36.9322,-64.5211,28.3724
0.0,-42.5016,-75.6671,-2.1247499999999997
0.0,-31.9383,-59.4542,36.0754
0.0,-41.682700000000004,-74.65620000000001,9.86657
0.0,-37.5849,-74.6336,-14.338099999999999
0.0,-40.643100000000004,-64.2968,-25.4207
0.0,-32.2664,-65.22980000000001,31.2896
0.0,-38.0846,-75.7859,-10.4092
0.0,-39.0557,-75.2859,-10.0426
0.0,-29.3677,-62.2891,35.219
0.0,-34.0049,-77.7502,10.392800000000001
0.0,-36.722699999999996,-76.658,0.94733
0.0,-33.477,-65.7956,-28.3336
0.0,-29.6383,-60.6156,-34.5477
0.0,-37.4149,-69.32979999999999,19.3365
0.0,-28.9096,-73.2467,18.3159
0.0,-33.7852,-57.7946,-34.598200000000006
0.0,-30.5376,-77.13119999999999,13.089599999999999
0.0,-38.8685,-77.3774,6.0086200000000005
0.0,-31.5373,-78.7474,-0.0742525
0.0,-36.8538,-70.4051,-20.8459
0.0,-24.9478,-77.36850000000001,-13.933
0.0,-25.787399999999998,-70.8045,-26.648600000000002
0.0,-28.043,-53.1116,-39.402100000000004
0.0,-26.4741,-67.66980000000001,26.7271
0.0,-25.865,-74.95979999999999,18.859399999999997
0.0,-30.6525,-75.8251,-16.0521
0.0,-23.5969,-58.8859,41.194
0.0,-31.0785,-74.4833,-19.8658
0.0,-27.3611,-72.9729,-23.7654
0.0,-23.442600000000002,-57.579100000000004,-39.152
0.0,-21.3774,-66.5941,32.367399999999996
0.0,-21.183,-70.11290000000001,28.3229
0.0,-14.896899999999999,-67.6507,-32.8217
0.0,-20.0267,-59.941500000000005,40.259499999999996
0.0,-23.2823,-74.2598,21.2514
0.0,-26.854,-79.61110000000001,-0.678126
0.0,-20.8326,-80.8378,-4.4982299999999995
0.0,-21.223599999999998,-60.418,-38.741
0.0,-23.5042,-60.9837,39.2776
0.0,-15.3907,-68.2804,32.1265
0.0,-28.588700000000003,-78.52770000000001,9.062209999999999
0.0,-19.095399999999998,-79.0854,-12.4283
0.0,-16.134900000000002,-64.67960000000001,-35.354499999999994
0.0,-15.7874,-56.6147,-42.5586
0.0,-13.3309,-78.773,14.925
0.0,-17.331200000000003,-76.4701,-18.659200000000002
0.0,-21.0011,-73.0113,-25.0221
0.0,-11.861099999999999,-57.940400000000004,40.9505
0.0,-3.22572,-80.8047,14.379199999999999
0.0,-20.1692,-80.08120000000001,9.28208
0.0,-18.553299999999997,-80.6346,9.3128
0.0,-16.079900000000002,-59.8286,-40.6488
0.0,-14.5243,-54.3149,-44.4868
0.0,-12.8727,-61.2768,39.0698
0.0,-15.8801,-72.1987,26.319
0.0,-8.252519999999999,-79.3673,17.0725
0.0,-14.1599,-82.12049999999999,-2.60195
0.0,-15.2926,-76.2776,-19.9005
0.0,-11.7557,-65.90459999999999,-35.2308
0.0,-9.94506,-52.1195,-44.68
0.0,-19.0158,-82.2351,3.00733
0.0,-12.4174,-81.5078,6.95123
0.0,-9.909070000000002,-81.5655,-11.6469
0.0,-12.3175,-71.3985,-28.5581
0.0,-9.95169,-60.5946,-38.3128
0.0,-9.415180000000001,-54.370599999999996,-43.5051
0.0,-8.031089999999999,-82.19,4.20005
0.0,-6.14506,-82.6215,-7.97745
0.0,-4.3520199999999996,-64.0938,-36.9088
0.0,-6.74861,-59.3418,41.6985
0.0,-8.330119999999999,-71.7443,30.6077
0.0,-1.62541,-83.732,-1.70466
0.0,-4.221629999999999,-83.4356,-4.31917
0.0,-8.50089,-65.6441,35.454899999999995
0.0,-4.8646,-72.8044,29.5601
0.0,0.329528,-80.4277,-13.450800000000001
0.0,-5.39805,-57.3875,-40.4455
0.0,-1.26136,-58.433699999999995,42.0274
0.0,-3.5517499999999997,-65.1775,36.6675
0.0,-7.32269,-78.35459999999999,-18.2031
0.0,-8.166220000000001,-73.3961,-26.7603
0.0,-6.14568,-52.4328,-44.9173
0.0,-2.49971,-70.4151,33.9043
0.0,-2.1454,-78.042,-18.1424
0.0,-4.63082,-51.450500000000005,-45.645900000000005
0.0,3.44904,-64.5057,40.017900000000004
0.0,5.92919,-74.31450000000001,31.289200000000005
0.0,-0.606887,-72.66980000000001,30.9023
0.0,-9.51333,-76.1336,23.1962
0.0,-4.16813,-80.0685,18.8937
0.0,5.29534,-81.9227,15.938500000000001
0.0,2.53903,-82.9335,6.8227
0.0,3.3161300000000002,-59.875699999999995,43.0124
0.0,2.41895,-72.7938,30.6786
0.0,3.61905,-82.605,12.2822
0.0,-1.58233,-76.4806,-21.8422
0.0,-0.825956,-65.53150000000001,-36.753099999999996
0.0,3.0621799999999997,-60.74,-39.616699999999994
0.0,-1.72005,-79.2557,22.398999999999997
0.0,7.38938,-81.7679,-8.336649999999999
0.0,5.9210199999999995,-80.7744,-11.9385
0.0,0.21740400000000001,-71.98780000000001,-29.5478
0.0,5.32218,-67.3267,-36.017100000000006
0.0,0.194102,-51.0429,-46.314800000000005
0.0,4.72814,-70.8358,34.145
0.0,2.81977,-82.8892,-1.2310400000000001
0.0,5.02573,-77.6152,-19.0513
0.0,4.81248,-72.42179999999999,-27.865299999999998
0.0,10.5069,-66.3817,-35.585300000000004
0.0,8.28382,-80.9123,18.391399999999997
0.0,7.66608,-63.065599999999996,-38.5681
0.0,5.22014,-58.897,43.9249
0.0,13.261800000000001,-79.0064,-13.192300000000001
0.0,11.755099999999999,-74.55109999999999,-24.436200000000003
0.0,5.70955,-54.9513,-43.8328
0.0,8.85731,-82.6553,10.189200000000001
0.0,16.4901,-81.5343,-0.00401069
0.0,15.081900000000001,-70.99560000000001,-30.1229
0.0,8.16999,-75.7786,30.0897
0.0,15.9126,-77.9948,19.9873
0.0,14.543000000000001,-81.8849,9.95191
0.0,20.942700000000002,-79.48339999999999,-4.795050000000001
0.0,18.8675,-79.0145,-7.694870000000001
0.0,18.7675,-77.3826,-14.8856
0.0,17.1263,-73.24170000000001,-28.0539
0.0,10.8232,-53.0923,-45.2177
0.0,12.560500000000001,-75.66159999999999,25.9584
0.0,19.727999999999998,-78.45620000000001,18.7902
0.0,16.985500000000002,-81.1679,11.3441
0.0,17.180600000000002,-76.24300000000001,-19.1465
0.0,14.1073,-59.0609,-41.2242
0.0,14.7548,-55.402100000000004,43.823800000000006
0.0,7.44975,-62.64509999999999,41.129
0.0,16.9675,-81.65079999999999,5.45559
0.0,20.2041,-72.5595,-23.8121
0.0,18.5431,-66.59909999999999,-32.2763
0.0,16.956200000000003,-58.9075,-40.6858
0.0,15.736500000000001,-57.8569,41.0597
0.0,20.7288,-71.3485,27.6666
0.0,30.6589,-77.2178,-11.0389
0.0,23.9336,-62.6724,-34.4399
0.0,20.6647,-59.4619,-39.2769
0.0,23.666,-79.7242,12.404
0.0,26.1185,-78.1313,-7.38061
0.0,23.2965,-66.9792,-30.762999999999998
0.0,22.9006,-59.9384,-38.2335
0.0,21.9272,-73.347,25.5792
0.0,25.7071,-78.77430000000001,14.1609
0.0,26.3531,-59.3012,-37.4621
0.0,23.5083,-53.0486,-41.1621
0.0,17.9256,-60.6475,37.6534
0.0,38.1264,-77.08470000000001,2.13136
0.0,27.4927,-77.8002,-7.39471
0.0,24.9377,-70.2104,-22.397
0.0,29.968,-69.1216,-22.7932
0.0,30.9773,-69.1529,24.735300000000002
0.0,30.7032,-61.015100000000004,-32.2641
0.0,26.8003,-59.8254,-37.30350000000001
0.0,30.6034,-71.37490000000001,-21.3505
0.0,30.0008,-64.26320000000001,-26.858
0.0,30.3102,-65.4329,28.4892
0.0,29.1146,-79.43260000000001,7.361280000000001
0.0,32.9179,-77.0999,5.81443
0.0,36.7491,-75.84349999999999,-11.1566
0.0,33.7352,-75.8936,-12.2512
0.0,35.469300000000004,-64.84779999999999,-24.378
0.0,29.2356,-55.5231,36.8871
0.0,25.8198,-58.925900000000006,35.8853
0.0,28.261499999999998,-62.559400000000004,32.045700000000004
0.0,37.5372,-74.3928,13.9569
0.0,36.885,-75.7565,-5.8926
0.0,33.7617,-73.4654,-17.248099999999997
0.0,33.3606,-60.6113,-33.5979
0.0,30.1249,-59.4689,-36.7793
0.0,26.2306,-54.703300000000006,-40.6563
0.0,25.8198,-51.961800000000004,-41.3835
0.0,40.4838,-74.2978,-12.1312
0.0,35.697199999999995,-61.7057,-26.967000000000002
0.0,32.075,-51.9482,-40.707100000000004
0.0,33.5233,-72.01259999999999,22.0706
0.0,40.4829,-75.76520000000001,9.022509999999999
0.0,41.7911,-77.6545,4.903829999999999
0.0,45.6245,-76.55919999999999,-1.91139
0.0,43.9242,-74.6347,-7.6308
0.0,39.925200000000004,-74.1078,-15.5954
0.0,40.8488,-73.7998,-16.1213
0.0,41.6958,-68.54549999999999,-22.111800000000002
0.0,41.6789,-63.7012,-25.529
0.0,35.3621,-52.4163,-40.5454
0.0,32.5419,-62.5661,31.3742
0.0,37.0831,-71.7023,21.204400000000003
0.0,44.0302,-73.56179999999999,11.9562
0.0,33.394,-58.4991,-35.9234
0.0,31.363599999999998,-58.8098,33.8699
0.0,45.4157,-69.4689,17.9675
0.0,41.032199999999996,-71.39189999999999,-18.7231
0.0,37.849599999999995,-60.8593,-31.534399999999998
0.0,31.890300000000003,-52.3627,37.8711
0.0,35.2264,-62.905699999999996,29.738
0.0,39.630199999999995,-68.8844,23.647399999999998
0.0,43.8908,-77.6637,2.80993
0.0,53.6175,-70.971,-1.89287
0.0,50.224,-71.4083,-9.225340000000001
0.0,36.6881,-57.065,-36.5054
0.0,38.05,-53.168800000000005,-38.0284
0.0,33.399100000000004,-48.107,-41.931200000000004
0.0,36.0618,-53.762499999999996,35.4801
0.0,44.3063,-67.8743,-20.4564
0.0,44.5332,-64.2278,-24.5075
0.0,42.83,-61.8802,-29.4677
0.0,42.733,-60.2057,-32.773900000000005
0.0,36.477799999999995,-49.2348,-42.9993
0.0,42.971000000000004,-69.1742,21.0054
0.0,46.6966,-72.65299999999999,11.676
0.0,47.7114,-72.62989999999999,8.745579999999999
0.0,47.1321,-76.1027,0.9360310000000001
0.0,54.1686,-69.04830000000001,-9.4938
0.0,41.524,-57.936099999999996,-35.3915
0.0,39.9132,-57.007000000000005,32.145199999999996
0.0,42.9352,-64.34769999999999,26.1249
0.0,43.3893,-73.6608,-11.6458
0.0,47.532900000000005,-69.9871,-13.674499999999998
0.0,48.9264,-63.183,-22.907500000000002
0.0,46.754999999999995,-59.4635,-32.9897
0.0,41.071200000000005,-52.1891,-37.1198
0.0,37.4697,-47.634,-43.976099999999995
0.0,54.0106,-68.21549999999999,-10.5693
0.0,51.1979,-63.5714,-19.4243
0.0,50.8809,-62.1943,-25.756700000000002
0.0,43.5872,-51.4857,-36.7661
0.0,43.785,-60.3964,28.233
0.0,58.7012,-63.2851,10.9092
0.0,52.244,-70.4641,5.706049999999999
0.0,53.427,-70.3388,3.11664
0.0,57.7773,-68.8256,-2.9543999999999997
0.0,54.7734,-68.3086,-9.566669999999998
0.0,53.442099999999996,-66.3339,-13.8656
0.0,54.108200000000004,-64.5795,-17.2683
0.0,55.353300000000004,-62.171499999999995,-21.461299999999998
0.0,48.7563,-59.4375,-29.107999999999997
0.0,46.887,-53.377500000000005,-36.0902
0.0,45.7611,-52.121,-36.4664
0.0,45.3579,-51.6276,33.6097
0.0,46.5452,-65.4894,23.0836
0.0,58.957,-61.907,13.5647
0.0,58.7043,-62.6853,12.309199999999999
0.0,61.831900000000005,-65.28739999999999,-0.462903
0.0,63.81249999999999,-60.5863,-8.477820000000001
0.0,58.9399,-64.6588,-9.64604
0.0,55.281,-59.7096,-25.380699999999997
0.0,52.1935,-57.2786,-28.6616
0.0,49.9171,-56.0301,-32.5589
0.0,49.2125,-48.178,-36.956500000000005
0.0,45.602,-46.4129,-38.7022
0.0,42.6733,-47.7671,-39.7001
0.0,53.3091,-62.4982,20.3635
0.0,59.672000000000004,-67.267,-2.21442
0.0,61.334,-62.65560000000001,-9.0098
0.0,58.8756,-61.1716,-15.7374
0.0,57.5184,-60.233000000000004,-22.162000000000003
0.0,51.9031,-54.2239,-31.805
0.0,49.2607,-53.4388,30.5947
0.0,49.3223,-61.913500000000006,24.3218
0.0,54.394,-61.233599999999996,20.641199999999998
0.0,56.1156,-61.6213,18.069499999999998
0.0,60.9766,-61.563,-11.364700000000001
0.0,60.5387,-60.1779,-14.3825
0.0,58.3512,-61.174600000000005,-17.8023
0.0,51.4124,-47.4913,33.2166
0.0,52.3397,-51.5443,30.2591
0.0,62.1752,-61.8542,6.935969999999999
0.0,60.6336,-65.0403,4.28146
0.0,63.797599999999996,-62.0452,-4.11715
0.0,64.6099,-59.6014,-8.44407
0.0,-53.3249,43.0758,35.1146
0.0,-49.6363,46.102700000000006,35.562400000000004
0.0,-53.1139,47.2803,32.653
0.0,-54.0795,49.905,30.0916
0.0,-56.1442,51.784200000000006,26.887600000000003
0.0,-58.060599999999994,53.0448,23.877599999999997
0.0,-60.7729,54.3296,19.3483
0.0,-62.5015,55.1745,15.614700000000001
0.0,-60.7774,57.2543,14.931099999999999
0.0,-62.36,57.244099999999996,11.963899999999999
0.0,-62.4312,59.1,6.34458
0.0,-64.0991,58.172000000000004,1.76092
0.0,-62.3502,59.865,-1.46228
0.0,-58.009699999999995,48.4017,28.0618
0.0,-62.0647,51.6962,20.813499999999998
0.0,-67.1962,54.684799999999996,4.814159999999999
0.0,-63.826800000000006,57.693599999999996,6.67695
0.0,-63.45399999999999,41.2427,28.7148
0.0,-62.0319,52.5943,20.0039
0.0,-66.7876,55.298899999999996,1.31115
0.0,-63.686499999999995,58.5229,-2.58431
0.0,-62.7423,56.938500000000005,-11.8141
0.0,-61.4579,56.0834,-15.818100000000001
0.0,-62.8957,51.601099999999995,-20.015
0.0,-58.9103,53.0485,-22.9781
0.0,-57.7804,52.9524,-24.2467
0.0,-56.668099999999995,52.1856,-26.0379
0.0,-58.1654,48.336999999999996,-28.0474
0.0,-56.6714,46.7339,-30.4881
0.0,-55.9643,43.009499999999996,33.2865
0.0,-63.157199999999996,43.8611,26.9085
0.0,-63.06730000000001,44.3784,26.5432
0.0,-65.6493,47.3876,21.0289
0.0,-63.0994,49.4442,22.116899999999998
0.0,-55.7935,36.977999999999994,36.6114
0.0,-58.0194,45.1137,30.514599999999998
0.0,-67.3915,49.9563,14.8223
0.0,-67.8154,51.3218,12.1286
0.0,-64.8522,56.7808,-6.31028
0.0,-54.536500000000004,40.5388,35.685700000000004
0.0,-64.5361,40.5158,27.8442
0.0,-67.7881,42.1039,23.1325
0.0,-69.8805,48.4418,11.9056
0.0,-71.4732,49.2793,3.04464
0.0,-68.4216,53.286500000000004,-2.62845
0.0,-56.1471,35.8312,36.8842
0.0,-71.4516,47.5056,9.44497
0.0,-68.63,52.193400000000004,6.96986
0.0,-68.6237,51.242599999999996,-9.59705
0.0,-64.1722,53.4332,-15.793600000000001
0.0,-66.715,49.8842,-16.187
0.0,-64.86880000000001,48.4079,-20.7533
0.0,-62.88150000000001,47.674,-23.8476
0.0,-65.3472,43.6115,-24.7191
0.0,-59.314400000000006,44.950900000000004,-29.4168
0.0,-59.7683,43.3367,-30.513599999999997
0.0,-54.2744,45.4555,-33.0674
0.0,-51.6631,42.5877,-36.3626
0.0,-53.4185,34.435,-39.033199999999994
0.0,-69.9941,43.207,18.867700000000003
0.0,-71.1491,44.599199999999996,15.0843
0.0,-74.5047,42.6481,11.132299999999999
0.0,-74.64020000000001,44.5144,4.42733
0.0,-74.14179999999999,45.530300000000004,2.63619
0.0,-69.7576,51.709900000000005,-3.53892
0.0,-54.385999999999996,40.553,-35.665299999999995
0.0,-66.9667,36.3573,28.077499999999997
0.0,-54.9011,31.446799999999996,39.339
0.0,-67.994,37.816900000000004,25.853399999999997
0.0,-71.9119,37.4617,21.183500000000002
0.0,-78.17920000000001,37.2873,8.046650000000001
0.0,-63.98479999999999,28.209600000000002,34.469699999999996
0.0,-75.1486,39.1935,13.7573
0.0,-74.08579999999999,45.7479,-2.08548
0.0,-70.6883,49.1374,-8.970699999999999
0.0,-67.2956,40.654799999999994,-24.605700000000002
0.0,-66.4587,40.229099999999995,-25.851
0.0,-58.3131,37.1737,-34.698
0.0,-54.078300000000006,37.112,-37.559599999999996
0.0,-59.1036,27.6801,38.1053
0.0,-60.9241,29.7853,36.0364
0.0,-66.6356,31.189,30.9359
0.0,-78.3225,38.5845,-0.77538
0.0,-74.292,45.3637,-3.86507
0.0,-65.1631,35.9236,-29.954
0.0,-60.0905,23.3494,38.8183
0.0,-74.5455,37.056,17.1898
0.0,-80.8175,31.623199999999997,7.72544
0.0,-71.1576,32.7987,25.4745
0.0,-80.1813,34.8116,-0.849473
0.0,-61.6406,31.918799999999997,-34.719699999999996
0.0,-62.390800000000006,31.2256,-34.342
0.0,-56.5564,24.3212,40.6002
0.0,-70.8781,27.4329,28.4266
0.0,-76.0962,40.7564,-9.39935
0.0,-75.21079999999999,41.4282,-11.1432
0.0,-74.04910000000001,40.4187,-15.089599999999999
0.0,-72.9459,40.8508,-16.770799999999998
0.0,-72.40920000000001,40.0417,-18.5039
0.0,-75.9005,34.8825,-17.160700000000002
0.0,-68.4396,36.951499999999996,-26.18
0.0,-70.532,33.394800000000004,-25.6681
0.0,-61.2443,40.967999999999996,-31.1139
0.0,-64.81389999999999,29.6299,-33.0478
0.0,-57.1479,29.368100000000002,-38.748
0.0,-60.4849,19.539399999999997,39.4669
0.0,-67.5485,25.230900000000002,32.4396
0.0,-76.7475,34.4054,15.5902
0.0,-65.28150000000001,28.9725,-32.9394
0.0,-57.1689,29.016900000000003,-38.8486
0.0,-54.6862,26.680100000000003,-41.0183
0.0,-65.1364,25.6205,34.4367
0.0,-78.7247,32.2541,13.5936
0.0,-82.67779999999999,28.3562,4.16499
0.0,-81.927,30.7278,-0.791049
0.0,-78.4661,37.5349,-6.74497
0.0,-79.1264,26.571399999999997,-17.6101
0.0,-77.2046,25.0143,-21.5233
0.0,-70.83250000000001,33.1549,-25.6513
0.0,-72.77210000000001,29.664800000000003,-25.413999999999998
0.0,-61.4129,18.6282,39.0584
0.0,-69.21249999999999,19.6912,32.8315
0.0,-74.77000000000001,26.59,24.1
0.0,-75.62480000000001,30.7819,20.5367
0.0,-79.01379999999999,29.2293,15.6023
0.0,-72.56450000000001,22.3726,28.5096
0.0,-72.6732,24.870900000000002,27.4833
0.0,-75.4157,26.1977,23.6298
0.0,-81.9826,27.1817,9.507579999999999
0.0,-81.8647,29.315399999999997,-6.65131
0.0,-80.82060000000001,28.6172,-11.786
0.0,-79.0452,28.706599999999998,-15.8365
0.0,-67.745,25.2721,-32.273700000000005
0.0,-65.0692,25.1855,-34.58
0.0,-55.1168,19.673099999999998,-42.7811
0.0,-67.7634,18.907899999999998,34.1464
0.0,-79.41460000000001,27.390500000000003,16.2186
0.0,-83.9379,25.0312,-0.8675809999999999
0.0,-82.35860000000001,23.383000000000003,-12.3347
0.0,-65.226,20.3499,-36.0501
0.0,-59.772400000000005,13.4307,40.9489
0.0,-84.4717,20.177500000000002,8.40985
0.0,-80.9976,22.2345,-16.0948
0.0,-80.995,15.106,-19.5694
0.0,-74.3386,22.677699999999998,-26.3429
0.0,-57.3479,21.072899999999997,-41.1713
0.0,-61.0529,15.6139,39.8563
0.0,-74.5553,17.0896,27.9892
0.0,-76.207,20.0219,25.043400000000002
0.0,-77.8959,21.363500000000002,22.2708
0.0,-85.5663,19.3925,1.0437999999999998
0.0,-84.39099999999999,22.769399999999997,-4.07158
0.0,-67.8672,18.2243,-34.4819
0.0,-62.2861,10.6685,39.7538
0.0,-70.9366,14.9663,32.2511
0.0,-81.0078,22.6637,16.149
0.0,-85.2956,16.3347,8.42601
0.0,-86.4294,11.8549,5.93711
0.0,-84.6499,20.97,-6.07772
0.0,-81.804,19.7054,-16.0187
0.0,-79.18119999999999,14.5462,-22.4635
0.0,-77.0873,15.4893,-25.1276
0.0,-73.662,19.7988,-28.212600000000002
0.0,-58.1888,19.1183,-41.222500000000004
0.0,-58.3836,9.62611,42.1717
0.0,-64.5529,12.665799999999999,37.8304
0.0,-68.4991,13.3765,34.607
0.0,-79.1662,15.381300000000001,22.5601
0.0,-86.343,14.839599999999999,2.40789
0.0,-68.339,10.1071,35.255300000000005
0.0,-86.1824,15.5453,-4.5776200000000005
0.0,-64.9288,11.6273,-38.646699999999996
0.0,-75.6617,10.1925,28.266
0.0,-82.3755,16.7436,16.405
0.0,-82.85,14.2274,-16.1874
0.0,-74.4203,14.061300000000001,-28.96
0.0,-69.16210000000001,4.8307400000000005,-36.46
0.0,-60.2791,14.539299999999999,-41.133500000000005
0.0,-60.606,6.41468,41.0726
0.0,-80.0056,9.20908,22.767200000000003
0.0,-83.7706,12.3903,15.3218
0.0,-86.93570000000001,6.12781,5.5883199999999995
0.0,-87.0638,9.0218,0.592185
0.0,-75.83840000000001,9.71424,-28.0306
0.0,-65.898,10.1857,-38.1862
0.0,-56.2449,7.56847,-43.9519
0.0,-83.01060000000001,12.1633,16.742900000000002
0.0,-86.2439,11.1836,-7.29807
0.0,-84.9184,3.73365,-13.568399999999999
0.0,-80.7498,4.99474,-21.8701
0.0,-79.0543,3.3968599999999998,-24.546100000000003
0.0,-72.1384,7.287509999999999,-32.882000000000005
0.0,-69.5118,3.58911,-36.4141
0.0,-66.2922,8.2477,-38.2248
0.0,-61.4789,9.32412,-41.6408
0.0,-59.0889,3.74004,41.967699999999994
0.0,-87.2893,5.6694700000000005,-0.9987799999999999
0.0,-86.7707,2.99573,-6.94982
0.0,-83.8129,9.72606,-15.178799999999999
0.0,-74.4025,4.20273,-30.0134
0.0,-60.4392,5.07453,-42.8669
0.0,-57.0117,2.48015,43.0877
0.0,-65.4352,5.24451,37.7391
0.0,-70.3008,8.52798,33.864
0.0,-80.6319,0.5200940000000001,22.7791
0.0,-87.3512,2.7486699999999997,-0.958467
0.0,-76.07700000000001,5.27306,28.2938
0.0,-83.7419,4.37943,16.7834
0.0,-84.798,4.093,14.4039
0.0,-86.76910000000001,-3.71692,8.28794
0.0,-82.37310000000001,-0.907445,-19.8798
0.0,-79.83959999999999,-0.9784900000000001,-23.8951
0.0,-71.0932,0.295726,-35.405100000000004
0.0,-63.0607,1.0917299999999999,39.2591
0.0,-87.2482,-2.454,1.01624
0.0,-84.4255,-2.4261500000000003,-15.3015
0.0,-77.27000000000001,-1.03,-26.75
0.0,-72.4135,-7.36718,-31.865900000000003
0.0,-60.566500000000005,2.8270999999999997,-42.973699999999994
0.0,-55.788900000000005,-0.756813,-44.8028
0.0,-78.2261,-2.71703,25.9042
0.0,-86.2937,-8.59225,11.703
0.0,-84.9004,-6.69307,-13.6601
0.0,-80.8322,-6.47045,-23.8507
0.0,-75.1159,-3.94378,-28.7869
0.0,-68.0552,3.561,35.9664
0.0,-68.6311,2.8833800000000003,35.4579
0.0,-78.2567,-5.03901,25.5815
0.0,-86.53139999999999,-1.10129,-7.7266699999999995
0.0,-55.1965,-2.0159700000000003,43.7725
0.0,-72.479,1.8005499999999999,32.2102
0.0,-82.96539999999999,-7.15834,19.147100000000002
0.0,-87.05749999999999,-11.4118,9.43955
0.0,-87.1498,-7.5221100000000005,4.38588
0.0,-86.7951,-7.51513,-1.2230100000000002
0.0,-70.9394,-7.95459,-33.4973
0.0,-64.966,-3.1271,-39.4872
0.0,-59.8322,-0.0288571,-42.9969
0.0,-86.977,-12.4822,3.9688299999999996
0.0,-83.0823,-6.58479,-17.869300000000003
0.0,-72.45870000000001,-9.65648,-31.516799999999996
0.0,-60.784600000000005,-9.63321,-41.314
0.0,-61.5,-6.6,-41.22
0.0,-58.7906,-9.63031,-42.4713
0.0,-69.367,-7.09254,33.4797
0.0,-79.7552,-7.73917,23.4524
0.0,-87.3447,-13.1183,9.35787
0.0,-84.934,-13.1638,-6.06382
0.0,-84.95089999999999,-8.059180000000001,-12.5945
0.0,-82.92439999999999,-13.7462,-17.194399999999998
0.0,-76.7819,-8.83462,-26.9588
0.0,-67.3737,-6.31096,-37.1661
0.0,-59.397999999999996,-4.90491,40.836400000000005
0.0,-73.2864,-11.4793,29.3008
0.0,-83.5651,-14.578100000000001,-14.612200000000001
0.0,-81.0007,-6.8248500000000005,-22.9263
0.0,-73.25619999999999,-12.7765,-30.2575
0.0,-56.5088,-8.40264,-43.750299999999996
0.0,-68.9679,-5.37467,34.3269
0.0,-83.1269,-11.7242,18.9059
0.0,-83.77170000000001,-14.479199999999999,17.5989
0.0,-86.01939999999999,-14.106,14.412899999999999
0.0,-89.6313,-20.8813,12.788300000000001
0.0,-87.2873,-14.7608,8.11404
0.0,-77.6657,-13.5438,-25.6199
0.0,-66.7689,-13.537600000000001,-35.6906
0.0,-66.04889999999999,-11.1755,-37.0783
0.0,-52.872,-8.99872,-45.4972
0.0,-59.5769,-5.46067,40.629
0.0,-63.5657,-8.80411,37.396100000000004
0.0,-71.3447,-13.7683,-31.944399999999998
0.0,-73.0938,-17.5042,-29.5175
0.0,-58.0069,-14.9969,-42.4081
0.0,-56.7085,-17.8596,40.0515
0.0,-66.76790000000001,-12.987200000000001,34.2113
0.0,-82.521,-12.8923,19.098899999999997
0.0,-84.15780000000001,-19.023000000000003,16.9283
0.0,-89.241,-19.109399999999997,10.4514
0.0,-82.6798,-20.1337,-13.1453
0.0,-77.3897,-20.0459,-24.5581
0.0,-72.8566,-20.528299999999998,-29.1764
0.0,-61.842099999999995,-17.9908,-38.4392
0.0,-58.5274,-17.093799999999998,-41.196000000000005
0.0,-57.0415,-11.1949,-43.191300000000005
0.0,-82.5148,-15.9481,18.319399999999998
0.0,-83.1414,-16.1527,-14.6791
0.0,-82.0084,-26.159299999999998,-11.2547
0.0,-80.7503,-16.901300000000003,-20.4957
0.0,-53.710800000000006,-17.3022,-43.953399999999995
0.0,-69.6445,-16.1922,31.407799999999998
0.0,-73.67070000000001,-17.2577,27.7064
0.0,-76.4691,-19.342200000000002,23.915100000000002
0.0,-86.6081,-24.3399,11.1907
0.0,-85.7807,-23.0379,5.279459999999999
0.0,-84.47,-22.9293,-2.51631
0.0,-78.88879999999999,-25.8549,-19.4106
0.0,-74.16,-22.19,-27.709999999999997
0.0,-56.950300000000006,-18.4327,-41.200300000000006
0.0,-55.6601,-18.7015,-42.4288
0.0,-55.793099999999995,-17.265900000000002,40.8789
0.0,-74.6742,-27.620800000000003,22.9069
0.0,-84.3595,-27.239099999999997,2.62991
0.0,-64.66189999999999,-25.6568,-33.2701
0.0,-60.275099999999995,-19.5754,36.8383
0.0,-65.962,-21.2288,32.9161
0.0,-72.53099999999999,-20.8431,28.0461
0.0,-74.2109,-24.4565,25.5122
0.0,-85.3318,-25.7422,10.5925
0.0,-77.2153,-26.1814,-21.9407
0.0,-64.0444,-21.4076,-34.9755
0.0,-79.2628,-33.5405,-14.729199999999999
0.0,-74.4689,-29.944499999999998,-23.438
0.0,-73.35379999999999,-26.997899999999998,-27.5353
0.0,-57.2276,-27.084899999999998,-37.507
0.0,-57.094899999999996,-20.8116,38.9583
0.0,-67.5046,-24.408800000000003,30.595299999999998
0.0,-80.8455,-25.615099999999998,16.4615
0.0,-84.069,-28.7292,5.90994
0.0,-82.59479999999999,-31.0686,-3.12609
0.0,-81.5368,-33.5432,-6.39209
0.0,-74.2114,-26.0633,-26.753800000000002
0.0,-55.10339999999999,-24.458299999999998,-39.207
0.0,-54.9338,-22.3759,-39.923899999999996
0.0,-55.3658,-24.7769,41.5779
0.0,-69.6798,-29.977899999999998,-30.7972
0.0,-64.9751,-29.265,-32.5141
0.0,-58.5656,-23.7499,35.7359
0.0,-58.3657,-30.266399999999997,35.289500000000004
0.0,-79.2244,-29.066100000000002,16.2894
0.0,-81.1068,-34.312000000000005,4.56433
0.0,-73.8668,-33.4451,-22.8501
0.0,-65.58269999999999,-30.1636,-32.5132
0.0,-57.798700000000004,-30.4414,-35.8987
0.0,-71.3634,-28.5671,26.1656
0.0,-76.7099,-38.718500000000006,8.05566
0.0,-78.2852,-35.6265,-15.6617
0.0,-67.744,-35.455,-31.656700000000004
0.0,-60.4497,-32.6745,-33.3894
0.0,-55.2671,-26.8303,41.997899999999994
0.0,-62.3318,-30.9481,31.9288
0.0,-70.7012,-37.2899,22.745
0.0,-71.8492,-39.2855,20.2794
0.0,-80.2578,-30.8224,11.8202
0.0,-75.9284,-42.772999999999996,4.97668
0.0,-80.9952,-35.5601,-0.306043
0.0,-80.8021,-35.8609,-4.94782
0.0,-76.58760000000001,-44.0816,-12.9828
0.0,-73.90220000000001,-42.797399999999996,-18.223300000000002
0.0,-71.3126,-42.7011,-23.0607
0.0,-68.1453,-40.3192,-29.325
0.0,-67.1696,-35.995,-31.2657
0.0,-52.5843,-29.4786,-41.2661
0.0,-75.5698,-36.8739,15.8231
0.0,-74.8622,-45.161300000000004,2.2429799999999998
0.0,-77.07310000000001,-43.2302,-0.99478
0.0,-79.5682,-39.1477,-10.177999999999999
0.0,-76.70299999999999,-44.380700000000004,-6.90923
0.0,-73.5293,-40.541399999999996,-21.0046
0.0,-68.1835,-41.305099999999996,-28.183699999999998
0.0,-55.9587,-34.950799999999994,-35.888799999999996
0.0,-53.1302,-31.636499999999998,-39.9228
0.0,-56.296600000000005,-32.5843,36.9133
0.0,-58.2982,-35.6463,33.8384
0.0,-70.9016,-35.4887,23.5239
0.0,-75.0265,-42.965700000000005,9.89313
0.0,-71.9768,-50.066,-1.35141
0.0,-75.36619999999999,-45.4595,-5.03745
0.0,-61.8279,-38.8926,-30.296
0.0,-61.474399999999996,-36.2174,-31.6665
0.0,-52.32,-32.5,40.07
0.0,-73.77499999999999,-46.8772,2.61626
0.0,-72.02319999999999,-49.562000000000005,-10.8369
0.0,-76.0979,-45.3374,-10.3543
0.0,-72.9139,-46.9009,-13.272
0.0,-67.15350000000001,-45.2037,-22.070200000000003
0.0,-63.02530000000001,-41.2571,-28.1442
0.0,-61.2781,-40.387699999999995,-29.779300000000003
0.0,-55.3581,-36.4996,-35.319900000000004
0.0,-51.0631,-33.389500000000005,-39.6567
0.0,-59.3535,-39.2859,31.2189
0.0,-68.9027,-40.315799999999996,22.762600000000003
0.0,-69.6554,-49.0919,15.5876
0.0,-73.8152,-44.701499999999996,11.402199999999999
0.0,-73.209,-47.9912,-4.4408
0.0,-66.172,-45.561699999999995,-22.4009
0.0,-66.9579,-43.1823,-25.713199999999997
0.0,-68.16,-45.580000000000005,20.5
0.0,-72.5444,-44.4977,15.930900000000001
0.0,-69.8463,-53.7346,7.53144
0.0,-66.2992,-47.4638,-20.2257
0.0,-51.6531,-37.3408,-37.515600000000006
0.0,-68.40549999999999,-44.4799,20.9049
0.0,-66.9812,-47.7705,20.3533
0.0,-72.0923,-49.954,8.5049
0.0,-70.6693,-53.8365,1.40347
0.0,-67.9302,-55.5501,-9.901399999999999
0.0,-68.2234,-51.0558,-16.2529
0.0,-57.072199999999995,-43.8164,-30.7641
0.0,-54.6381,-43.640699999999995,-34.272999999999996
0.0,-53.851000000000006,-33.660000000000004,38.4697
0.0,-50.1885,-40.1971,38.3863
0.0,-66.15390000000001,-51.9131,18.5272
0.0,-71.20360000000001,-52.8424,6.02662
0.0,-70.80980000000001,-54.1586,4.23872
0.0,-69.1109,-54.990700000000004,-6.195530000000001
0.0,-52.9861,-39.6616,-36.1847
0.0,-60.312200000000004,-39.431,30.207
0.0,-60.6712,-46.9991,25.6588
0.0,-69.2398,-55.2432,-3.48999
0.0,-65.7799,-49.998599999999996,-18.4506
0.0,-57.7815,-46.221900000000005,-27.8813
0.0,-52.5449,-42.4919,-35.9047
0.0,-48.527300000000004,-38.595,-39.1273
0.0,-50.153000000000006,-41.4647,37.9062
0.0,-56.74,-42.172599999999996,31.6
0.0,-61.8945,-48.7613,23.473399999999998
0.0,-64.2768,-54.587700000000005,13.8842
0.0,-57.8755,-50.8421,-23.5597
0.0,-56.4632,-48.3286,-26.7209
0.0,-54.919000000000004,-44.5533,-33.5445
0.0,-53.860699999999994,-45.9023,31.257
0.0,-67.0609,-54.6741,10.838000000000001
0.0,-67.4572,-57.627900000000004,0.664401
0.0,-64.1506,-58.685,-9.14976
0.0,-64.8418,-55.4604,-14.583
0.0,-64.5313,-52.8779,-18.052
0.0,-55.858,-50.5242,-25.0934
0.0,-48.427400000000006,-43.9141,37.98350000000001
0.0,-63.2007,-52.0579,20.1953
0.0,-62.70720000000001,-57.1969,10.555399999999999
0.0,-66.7676,-57.3615,-2.61923
0.0,-64.6499,-58.003,-10.538799999999998
0.0,-62.892,-57.041599999999995,-15.6665
0.0,-61.536300000000004,-54.997299999999996,-18.7377
0.0,-55.465,-49.611200000000004,-26.8352
0.0,-53.397,-50.7098,-29.1188
0.0,-52.2741,-48.442899999999995,-33.2337
0.0,-48.727199999999996,-45.0154,-37.347
0.0,-45.9375,-41.4015,-40.1334
0.0,-47.8965,-45.0816,37.4995
0.0,-49.79,-46.66,34.29
0.0,-51.2303,-48.6834,31.3408
0.0,-52.8957,-48.5426,30.0032
0.0,-54.7393,-49.306000000000004,28.2241
0.0,-54.78,-51.52,26.9
0.0,-55.6602,-53.4316,25.1403
0.0,-53.9793,-58.4885,23.5466
0.0,-61.9244,-55.6757,16.4122
0.0,-61.5378,-57.0478,12.710600000000001
0.0,-62.970200000000006,-58.9125,7.836390000000001
0.0,-66.2462,-58.4215,3.8429800000000003
0.0,-64.2804,-60.132999999999996,-2.15313
0.0,-64.08999999999999,-60.25,-4.34
0.0,-63.9396,-60.1693,-6.302989999999999
0.0,-61.754799999999996,-58.9668,-11.7098
0.0,-60.4011,-57.141,-17.2437
0.0,-58.42,-54.78,-21.05
0.0,-55.7564,-52.9751,-23.885
0.0,-49.02,-46.21,-36.64
0.0,46.3622,50.338800000000006,34.8517
0.0,49.126599999999996,51.5169,32.354800000000004
0.0,51.3074,52.2854,30.2702
0.0,51.7562,54.620799999999996,28.035500000000003
0.0,53.6045,56.3873,24.7835
0.0,55.0961,58.128600000000006,21.3404
0.0,56.5294,59.6256,17.5324
0.0,57.802,60.7317,13.6152
0.0,58.6038,61.7206,9.5109
0.0,60.117700000000006,61.3652,5.58613
0.0,59.9184,61.9836,2.49695
0.0,51.0652,62.6538,19.9403
0.0,51.5973,65.7218,14.4426
0.0,55.7064,64.1215,9.84169
0.0,55.5559,65.064,6.8396799999999995
0.0,49.3773,56.696400000000004,27.9896
0.0,54.733700000000006,66.2929,3.68526
0.0,59.2267,61.915400000000005,-6.50819
0.0,58.3472,61.0464,-11.2095
0.0,57.0499,60.104400000000005,-15.148399999999999
0.0,55.1932,62.0043,-15.411
0.0,55.1309,58.597,-19.5454
0.0,44.5736,53.0271,33.9786
0.0,44.0299,60.045899999999996,28.6728
0.0,47.614,62.965900000000005,22.7631
0.0,47.4301,64.4865,21.0033
0.0,50.6946,64.61319999999999,17.152
0.0,52.649300000000004,64.954,13.796199999999999
0.0,53.2806,66.9324,6.16888
0.0,58.5107,63.3966,0.11064
0.0,41.885,54.209599999999995,-33.692600000000006
0.0,40.7451,51.213300000000004,37.133399999999995
0.0,44.833400000000005,57.3825,30.4704
0.0,42.6394,64.3015,25.3247
0.0,44.8454,64.8322,22.9145
0.0,46.565000000000005,64.562,21.7318
0.0,49.502900000000004,56.049099999999996,-27.2838
0.0,39.0461,55.6671,34.975899999999996
0.0,40.2343,49.1847,-36.659400000000005
0.0,34.8945,55.014399999999995,37.2795
0.0,56.3781,65.20700000000001,-2.0158099999999997
0.0,48.7986,70.6339,-4.18187
0.0,52.1698,66.9135,-9.34865
0.0,51.9333,65.8015,-12.7138
0.0,53.5054,60.5078,-19.7255
0.0,50.8162,63.3739,-18.6104
0.0,49.575300000000006,59.4213,-24.7702
0.0,49.7358,59.011,-24.9755
0.0,46.9463,56.3562,-29.153499999999998
0.0,45.049899999999994,55.2825,-31.1032
0.0,44.9268,54.387699999999995,-31.660099999999996
0.0,44.373400000000004,53.3114,-32.5553
0.0,43.3389,52.4368,-33.6013
0.0,34.5993,53.7966,38.1379
0.0,40.5384,56.625,33.5837
0.0,41.313500000000005,62.5743,27.839
0.0,44.497,69.5394,15.6398
0.0,45.2508,70.21910000000001,13.0666
0.0,47.51240000000001,70.40209999999999,8.50901
0.0,50.9953,68.46820000000001,7.31637
0.0,36.4366,61.3305,31.8131
0.0,43.3331,64.0539,24.922900000000002
0.0,51.2547,69.0503,-1.87499
0.0,46.207699999999996,60.9279,-25.9113
0.0,31.917800000000003,63.1091,32.2937
0.0,40.338100000000004,72.4085,14.5872
0.0,42.5931,73.4002,7.906699999999999
0.0,46.9775,71.8198,1.08298
0.0,38.231899999999996,63.3913,28.8602
0.0,37.008199999999995,69.35669999999999,22.7683
0.0,37.686299999999996,71.56060000000001,18.7781
0.0,43.2658,73.5205,5.53145
0.0,45.452,72.6241,-3.0539
0.0,46.093799999999995,72.01299999999999,-4.84695
0.0,40.2778,75.077,-6.95786
0.0,42.6859,72.5355,-11.0598
0.0,44.0897,69.25280000000001,-16.520400000000002
0.0,40.779500000000006,71.3818,-16.4244
0.0,41.3906,68.21860000000001,-20.875999999999998
0.0,35.9675,70.96560000000001,-21.8095
0.0,41.6314,63.557900000000004,-26.4473
0.0,41.5278,62.6805,-27.428500000000003
0.0,38.7513,64.5878,-27.4085
0.0,41.3117,58.0674,-31.6877
0.0,39.1693,54.3639,-35.0681
0.0,32.1488,52.06270000000001,40.0565
0.0,29.8508,57.102199999999996,37.6374
0.0,32.2519,60.0655,34.64190000000001
0.0,40.6049,73.6479,11.1792
0.0,39.8035,75.8094,0.897433
0.0,30.8187,52.695699999999995,-39.35
0.0,26.756,55.681599999999996,39.548100000000005
0.0,28.4546,61.8254,34.6369
0.0,31.369800000000005,63.36709999999999,32.1645
0.0,31.54,71.2511,23.6292
0.0,40.2373,74.38419999999999,8.926770000000001
0.0,35.419,61.5702,-31.8385
0.0,34.9094,57.0134,-35.435500000000005
0.0,27.9408,56.6225,38.5603
0.0,27.5717,65.5255,31.7837
0.0,31.284699999999997,69.8372,25.5395
0.0,34.976,73.89519999999999,16.7526
0.0,35.7221,74.53,14.6563
0.0,36.7992,77.056,3.28501
0.0,31.7971,65.2992,-30.2983
0.0,32.336400000000005,57.6059,-36.1077
0.0,27.597900000000003,62.2037,34.5747
0.0,32.8938,78.6799,4.47609
0.0,33.445,78.3873,3.9489099999999997
0.0,38.2774,76.46759999999999,-2.1494999999999997
0.0,37.0923,74.6489,-12.8921
0.0,24.238699999999998,62.2133,35.6282
0.0,26.587400000000002,68.1224,29.503700000000002
0.0,30.843700000000002,75.4623,17.0241
0.0,32.0426,76.63499999999999,13.4711
0.0,37.1207,63.91380000000001,-29.079
0.0,29.7901,58.0702,-36.7527
0.0,19.6461,61.8506,37.1488
0.0,25.1416,72.94330000000001,24.6963
0.0,24.2109,75.961,20.456
0.0,29.6929,79.21889999999999,7.51107
0.0,36.7516,77.1436,-4.54876
0.0,39.417899999999996,75.4434,-8.67355
0.0,30.0378,71.8003,-23.453000000000003
0.0,22.0449,67.6599,31.521100000000004
0.0,26.6181,76.3897,18.2052
0.0,27.6989,78.01320000000001,13.9217
0.0,28.3492,56.4384,-38.388400000000004
0.0,21.055600000000002,57.1054,-40.0644
0.0,18.557199999999998,60.7843,38.1028
0.0,20.3063,68.9758,30.8626
0.0,21.3747,68.14099999999999,31.249599999999997
0.0,20.4849,72.9585,26.156599999999997
0.0,22.3126,77.02829999999999,19.4512
0.0,23.1591,80.5389,11.1577
0.0,24.8931,80.9714,6.523420000000001
0.0,29.6779,79.02629999999999,-8.48152
0.0,34.5861,76.027,-12.8814
0.0,26.5198,77.3261,-16.573999999999998
0.0,30.526500000000002,71.7595,-23.5996
0.0,23.6975,77.16969999999999,-18.5476
0.0,27.809,69.13940000000001,-27.864900000000002
0.0,21.9123,62.5661,-36.064699999999995
0.0,12.046299999999999,64.11609999999999,37.0408
0.0,17.3459,59.4004,39.3367
0.0,23.1379,80.8468,9.224269999999999
0.0,26.663,80.979,-1.11773
0.0,27.9272,71.1235,-25.688599999999997
0.0,24.9524,66.8149,-31.465
0.0,18.144299999999998,73.2454,-27.3792
0.0,20.4869,54.5734,-41.4498
0.0,22.070800000000002,82.2484,0.9179630000000001
0.0,32.2558,76.6866,-13.8863
0.0,24.4302,57.3358,-39.0492
0.0,13.6655,57.5954,41.1754
0.0,13.447799999999999,68.286,32.954499999999996
0.0,16.3078,71.9381,28.7255
0.0,18.1744,73.2405,26.511400000000002
0.0,16.2812,78.6564,19.735
0.0,17.6284,80.7925,13.7346
0.0,18.9434,82.9099,2.68968
0.0,20.6286,68.2103,-31.461299999999998
0.0,8.62399,57.8092,41.5982
0.0,13.6297,65.5423,35.2854
0.0,18.09,78.5,18.4
0.0,16.2815,81.0483,13.557
0.0,15.5882,83.153,6.5961099999999995
0.0,22.3204,81.9712,-4.33958
0.0,16.9056,82.8601,-8.78182
0.0,18.947,76.4614,-21.811799999999998
0.0,10.3384,60.5003,39.6111
0.0,11.213799999999999,63.6004,37.205799999999996
0.0,14.2092,79.14789999999999,18.9053
0.0,14.156699999999999,81.86880000000001,12.5248
0.0,11.6817,84.13629999999999,3.73501
0.0,22.5592,81.726,-6.36367
0.0,22.5102,76.4778,-20.5345
0.0,11.9719,77.5559,22.1658
0.0,11.760100000000001,81.5334,14.3182
0.0,12.3429,83.4715,7.1653
0.0,13.6469,77.2036,-22.2911
0.0,17.538,70.13610000000001,-30.4053
0.0,13.2368,61.2949,-38.5832
0.0,7.176069999999999,77.8467,22.887999999999998
0.0,10.6294,83.724,6.98271
0.0,21.0143,82.476,-5.15016
0.0,12.7401,80.613,-16.2011
0.0,6.559159999999999,64.9175,36.704100000000004
0.0,7.08633,69.286,32.8758
0.0,7.22978,71.7897,30.239800000000002
0.0,17.084,81.5203,-12.4572
0.0,12.831900000000001,72.0001,-29.2943
0.0,12.5635,67.1961,-34.0813
0.0,14.0047,58.1246,-40.7557
0.0,7.79575,74.5285,27.0356
0.0,6.242850000000001,82.9361,12.2097
0.0,4.80475,84.51060000000001,5.49408
0.0,8.55035,84.5852,-1.5902100000000001
0.0,2.53034,82.7214,-13.266200000000001
0.0,7.250290000000001,71.6241,-30.3782
0.0,8.23058,58.0738,-41.3976
0.0,1.14453,84.9453,-3.04542
0.0,5.20583,84.04820000000001,-7.6475800000000005
0.0,4.2226099999999995,83.5522,-10.0699
0.0,8.2221,67.7552,-34.1763
0.0,3.3769,56.031,42.9401
0.0,2.032,69.6122,32.766000000000005
0.0,2.03166,74.23349999999999,27.7853
0.0,5.0932900000000005,80.34729999999999,18.5956
0.0,2.21016,66.4967,-35.5327
0.0,0.0647384,61.186299999999996,39.711499999999994
0.0,-3.47783,72.0469,30.3462
0.0,9.26157,78.8034,-20.778100000000002
0.0,5.33921,74.71600000000001,-27.0411
0.0,3.4506099999999997,62.260200000000005,-38.8328
0.0,-2.5945899999999997,71.4234,30.946
0.0,3.50522,76.8191,24.3667
0.0,-1.8085799999999999,83.8426,9.48671
0.0,-2.97472,84.59849999999999,5.55938
0.0,-0.163042,85.02,0.370996
0.0,1.9734399999999999,81.8027,-15.514800000000001
0.0,-1.14105,80.6638,-18.1351
0.0,4.40676,76.95150000000001,-24.1572
0.0,1.00574,71.3839,-30.9819
0.0,2.89643,58.966,-41.117599999999996
0.0,1.7223600000000001,55.2461,-43.3026
0.0,-1.5399999999999998,55.410000000000004,43.31
0.0,-4.06276,77.34689999999999,23.723000000000003
0.0,-0.0919105,84.4926,-6.20814
0.0,-5.4998,79.6121,-19.7844
0.0,3.10331,72.964,-29.412
0.0,-2.96045,74.9353,-26.8586
0.0,-3.5171799999999998,67.40050000000001,-34.742399999999996
0.0,-0.382736,61.7311,-39.246900000000004
0.0,-0.159361,58.2848,41.633700000000005
0.0,0.26115099999999997,62.2471,39.0616
0.0,-4.7066,66.0592,35.8956
0.0,-4.00026,83.7209,-9.476049999999999
0.0,-4.85061,65.3437,-36.4024
0.0,-2.39703,53.5774,-44.2174
0.0,-3.3326,57.4975,42.055099999999996
0.0,-8.02082,79.7812,19.4719
0.0,-8.20824,83.8326,-7.79802
0.0,-1.9593399999999999,76.8278,-24.4445
0.0,-6.19271,74.0918,-27.688299999999998
0.0,-1.19767,70.9379,-31.494
0.0,-9.53082,67.16170000000001,-34.5278
0.0,-0.117262,58.492200000000004,-41.4869
0.0,-6.349740000000001,56.2718,42.6256
0.0,-7.46572,60.5237,39.863
0.0,-9.2906,68.4494,33.4242
0.0,-7.488790000000001,84.753,-0.5865389999999999
0.0,-9.194280000000001,81.6797,-14.7861
0.0,-10.882,68.6188,-33.114200000000004
0.0,-10.2713,61.3824,-38.965399999999995
0.0,-8.574750000000002,57.386199999999995,-41.753400000000006
0.0,-9.08189,57.1983,41.882999999999996
0.0,-6.70164,81.3777,16.2431
0.0,-11.8093,79.11880000000001,19.7007
0.0,-14.46,83.85289999999999,1.05251
0.0,-11.7973,83.759,-6.077179999999999
0.0,-16.3157,79.9029,-16.6486
0.0,-9.82159,78.9832,-20.1712
0.0,-11.8934,74.9995,-25.746100000000002
0.0,-6.49361,55.0244,-43.2926
0.0,-10.7593,73.2219,28.4844
0.0,-14.7135,81.3043,-13.6317
0.0,-10.088,72.79289999999999,-28.976399999999998
0.0,-10.839500000000001,83.1838,9.860660000000001
0.0,-17.714199999999998,82.1361,9.79159
0.0,-15.476099999999999,81.52860000000001,-12.709399999999999
0.0,-16.7562,76.2617,-22.8059
0.0,-14.865599999999999,69.9004,-31.0265
0.0,-11.9584,62.3414,-38.040699999999994
0.0,-17.1377,77.9166,-19.9336
0.0,-13.2636,73.06559999999999,-28.0813
0.0,-15.5281,64.7744,-35.6404
0.0,-15.766200000000001,57.4015,-40.870799999999996
0.0,-12.0045,57.8849,41.1756
0.0,-10.68,61.0863,39.1981
0.0,-12.105400000000001,64.478,36.4598
0.0,-16.4492,82.9673,7.033099999999999
0.0,-20.3933,81.7271,-8.5584
0.0,-20.9137,60.665299999999995,-37.7877
0.0,-8.56863,70.3811,31.877500000000005
0.0,-24.4285,81.6342,1.64565
0.0,-18.343700000000002,82.7698,-6.09801
0.0,-23.2629,81.3744,-6.561789999999999
0.0,-24.5201,79.85159999999999,-11.524
0.0,-20.3584,67.7992,-31.9138
0.0,-20.4422,63.160999999999994,-35.9063
0.0,-13.57,55.3274,-42.4377
0.0,-15.3075,80.714,15.4582
0.0,-23.1713,78.1733,-16.817
0.0,-22.4816,74.5056,-23.2509
0.0,-19.0732,71.4558,-28.393
0.0,-19.8977,57.7104,-39.8841
0.0,-16.0509,56.7014,41.3019
0.0,-17.2327,58.4461,40.051
0.0,-26.267599999999998,80.9223,6.23762
0.0,-28.1567,76.2659,-17.478299999999997
0.0,-26.5795,65.44170000000001,-32.2405
0.0,-17.7205,59.083,-39.439299999999996
0.0,-14.716899999999999,65.51010000000001,35.3763
0.0,-20.3618,71.10629999999999,28.6904
0.0,-21.0656,72.9146,26.066599999999998
0.0,-30.6002,79.141,6.974819999999999
0.0,-34.314299999999996,77.2281,-9.26065
0.0,-30.7712,77.6197,-12.1733
0.0,-25.218999999999998,73.0908,-24.355800000000002
0.0,-22.4195,71.424,-27.5083
0.0,-23.1381,58.963300000000004,-38.376599999999996
0.0,-21.9623,53.237399999999994,-42.1725
0.0,-22.4332,62.82359999999999,35.8179
0.0,-17.261499999999998,71.18950000000001,29.5133
0.0,-19.0311,77.1698,21.0923
0.0,-24.9152,76.637,18.719900000000003
0.0,-26.4855,79.9139,9.16773
0.0,-31.506100000000004,79.36550000000001,-1.8902400000000001
0.0,-25.793400000000002,81.08709999999999,-3.83875
0.0,-34.4692,77.5565,-7.31232
0.0,-35.363,76.7679,-9.351230000000001
0.0,-28.5,77.89999999999999,-13.28
0.0,-29.8064,75.4578,-17.7671
0.0,-24.9805,61.1078,-36.267
0.0,-22.2901,56.4749,40.1986
0.0,-23.192999999999998,79.6481,13.8786
0.0,-31.2873,71.78420000000001,-22.958
0.0,-27.547800000000002,70.0604,-27.133
0.0,-29.718,62.4714,-33.694799999999994
0.0,-21.686799999999998,59.9799,38.0345
0.0,-24.8502,76.1124,20.1
0.0,-33.1967,78.6698,2.50694
0.0,-32.2114,71.0626,-23.3324
0.0,-33.9323,63.7842,-30.8079
0.0,-40.9544,75.3039,-2.01666
0.0,-33.5004,73.25619999999999,-19.4174
0.0,-32.783699999999996,66.85589999999999,-28.1962
0.0,-32.7374,60.7547,-33.85380000000001
0.0,-28.3077,55.9788,-38.869
0.0,-26.089399999999998,54.0111,40.7455
0.0,-29.3915,56.3728,38.355599999999995
0.0,-27.6168,68.24969999999999,29.0735
0.0,-29.9163,76.3361,16.5151
0.0,-33.4544,75.371,15.0708
0.0,-32.891999999999996,61.8062,-32.869299999999996
0.0,-27.025299999999998,51.7481,-41.7363
0.0,-28.3675,71.3589,25.341800000000003
0.0,-30.5958,76.7751,15.075899999999999
0.0,-34.172599999999996,75.60409999999999,14.193900000000001
0.0,-41.975199999999994,74.2447,6.61207
0.0,-37.4105,75.35849999999999,-10.789
0.0,-38.0469,70.13990000000001,-21.105700000000002
0.0,-36.0158,72.051,-19.2784
0.0,-36.158,65.78,-27.522399999999998
0.0,-30.689600000000002,53.8757,-39.5199
0.0,-26.4148,60.3338,36.5771
0.0,-34.8381,77.2833,7.658060000000001
0.0,-42.7291,73.9829,-4.71447
0.0,-43.5429,72.70870000000001,-9.11786
0.0,-44.366099999999996,70.8959,-13.0562
0.0,-43.5035,67.93490000000001,-19.7529
0.0,-40.143100000000004,67.26119999999999,-23.2616
0.0,-37.1869,60.774300000000004,-31.8004
0.0,-29.849899999999998,51.2087,-41.2507
0.0,-30.293,59.7999,35.6239
0.0,-30.3677,63.982899999999994,32.2618
0.0,-43.064499999999995,74.0937,-0.739359
0.0,-42.601600000000005,69.9259,-16.9712
0.0,-37.6809,65.3279,-27.2984
0.0,-47.970400000000005,71.2824,-2.5927200000000004
0.0,-45.1761,69.06439999999999,-15.7308
0.0,-41.6478,62.5346,-27.6721
0.0,-42.4971,59.141600000000004,-30.4697
0.0,-37.030100000000004,54.6522,-36.5319
0.0,-34.1679,50.6058,-40.145599999999995
0.0,-35.5431,61.4449,32.0757
0.0,-35.6334,68.7543,24.6813
0.0,-42.7098,72.6682,10.4963
0.0,-49.5656,70.03429999999999,-3.6114200000000003
0.0,-39.3217,56.3942,-34.2842
0.0,-34.9216,53.5886,-38.1391
0.0,-35.0766,54.032700000000006,37.8034
0.0,-33.993500000000004,66.3265,28.4324
0.0,-43.7356,71.2609,12.909699999999999
0.0,-52.525299999999994,67.21870000000001,-8.108519999999999
0.0,-41.3529,55.7462,-33.8131
0.0,-37.5408,50.6767,38.841
0.0,-44.282799999999995,67.0513,20.1751
0.0,-45.414,72.41690000000001,5.37339
0.0,-51.2436,67.38940000000001,-10.170399999999999
0.0,-46.3694,68.9637,-15.1305
0.0,-43.915,65.4122,-22.752499999999998
0.0,-46.5909,59.606300000000005,-27.2841
0.0,-40.3276,52.035199999999996,-36.782500000000006
0.0,-38.2342,49.8825,-39.0014
0.0,-35.2396,58.950500000000005,34.4223
0.0,-40.0117,64.315,27.0694
0.0,-42.569900000000004,66.6972,22.4354
0.0,-49.7077,66.96149999999999,-14.3182
0.0,-49.9403,58.7829,-25.543
0.0,-48.1864,59.611,-26.0248
0.0,-41.5506,55.6434,33.789899999999996
0.0,-43.0559,58.532000000000004,30.6096
0.0,-42.2804,64.81389999999999,25.0348
0.0,-44.7723,68.9722,16.933699999999998
0.0,-48.890299999999996,65.7698,17.4821
0.0,-52.7558,65.5162,-12.6204
0.0,-50.7033,59.6145,-23.9364
0.0,-45.9129,65.2458,21.636400000000002
0.0,-51.2667,67.2017,10.8758
0.0,-53.7027,67.2355,-3.04497
0.0,-42.113699999999994,48.1913,-38.2666
0.0,-53.137499999999996,67.02959999999999,7.1309
0.0,-54.9773,65.8902,-5.15074
0.0,-53.1176,60.830799999999996,-20.0547
0.0,-53.1283,57.800700000000006,-23.7197
0.0,-50.9998,54.6349,-28.578599999999998
0.0,-44.0766,54.627700000000004,-33.1806
0.0,-46.0589,49.351800000000004,-35.585100000000004
0.0,-42.748099999999994,49.6375,37.1616
0.0,-49.7667,56.5152,27.8819
0.0,-52.2295,64.9082,14.779499999999999
0.0,-53.451100000000004,67.3955,3.61845
0.0,-58.998799999999996,62.557,-4.9577
0.0,-58.460100000000004,62.169599999999996,-8.55676
0.0,-57.7126,60.9936,-13.2218
0.0,-55.911500000000004,59.3767,-18.6771
0.0,-54.86,58.452799999999996,-21.1547
0.0,-52.896499999999996,55.4338,-26.314400000000003
0.0,-48.034,55.191900000000004,-30.218
0.0,-49.2502,51.6839,-32.1063
0.0,-48.6276,50.920899999999996,-33.0446
0.0,-47.2975,49.3615,-34.881
0.0,-45.7168,47.7211,-36.748799999999996
0.0,-45.9297,51.7742,34.1408
0.0,-48.169999999999995,49.43,34.35
0.0,-47.4722,53.5957,31.898200000000003
0.0,-47.9927,54.6608,30.7397
0.0,-51.3699,52.3777,30.1658
0.0,-51.3966,58.6669,24.4992
0.0,-52.9444,57.263099999999994,24.4898
0.0,-52.348600000000005,59.7567,22.271900000000002
0.0,-54.1597,60.0641,19.9377
0.0,-53.6616,62.294799999999995,17.4037
0.0,-57.13,58.91,17.76
0.0,-54.9277,63.996700000000004,12.1256
0.0,-58.0578,61.377300000000005,11.716199999999999
0.0,-58.3643,62.0133,9.291179999999999
0.0,-58.6725,62.417,7.01105
0.0,-57.6469,63.988299999999995,3.51674
0.0,-59.9,61.85,4.25
0.0,-58.6181,63.3639,-0.9312250000000001
0.0,-60.2016,61.896899999999995,-0.630856
0.0,-59.91,61.85,-4.23
0.0,-59.61000000000001,61.55,-7.029999999999999
0.0,-58.1679,61.271100000000004,-11.7109
0.0,-57.2982,60.0178,-15.7554
0.0,-57.13,58.92,-17.74
0.0,-55.199999999999996,56.88,-22.65
0.0,-50.97,52.39,-30.4
0.0,-50.29,51.67,-31.419999999999998
0.0,-48.169999999999995,49.42,-34.33
0.0,55.739200000000004,-52.0129,27.5306
0.0,55.569,-56.1264,24.394
0.0,61.3216,-54.9448,18.853
0.0,64.1592,-59.7245,5.94216
0.0,62.0261,-52.640100000000004,20.3508
0.0,64.7061,-60.1211,2.9637000000000002
0.0,63.4023,-63.2114,-1.35745
0.0,65.88850000000001,-57.383700000000005,-9.12193
0.0,63.7046,-56.582899999999995,-16.0036
0.0,53.552099999999996,-45.479899999999994,-35.4152
0.0,57.4095,-47.1641,29.6588
0.0,56.058499999999995,-52.8915,26.636400000000002
0.0,61.771,-49.762,23.408
0.0,62.5908,-55.9448,15.5748
0.0,67.2353,-55.6953,4.62561
0.0,68.9067,-53.733200000000004,-3.68864
0.0,67.43499999999999,-55.3378,-7.20446
0.0,61.7421,-56.5175,-19.5794
0.0,60.1259,-54.7153,-23.5215
0.0,58.3298,-53.038799999999995,-26.4454
0.0,58.2719,-49.2577,-28.9268
0.0,49.0301,-55.6571,-33.7305
0.0,51.8991,-44.4874,34.4504
0.0,56.4379,-42.5871,32.720600000000005
0.0,61.724599999999995,-47.8761,25.064
0.0,64.43889999999999,-48.6511,21.2704
0.0,63.3581,-58.5312,10.354099999999999
0.0,67.93639999999999,-53.3545,8.294899999999998
0.0,68.2952,-53.4054,7.0858099999999995
0.0,74.3378,-45.6659,-2.79248
0.0,64.7929,-57.717699999999994,-11.9745
0.0,58.779900000000005,-48.0118,27.9233
0.0,69.6465,-50.8212,-9.63789
0.0,56.3145,-47.9922,-31.8482
0.0,50.7147,-42.3894,-38.277499999999996
0.0,50.6496,-39.5697,37.0362
0.0,62.2801,-43.1963,27.930699999999998
0.0,66.52130000000001,-45.519999999999996,21.6327
0.0,69.2864,-46.7299,16.3547
0.0,73.01689999999999,-46.0784,-8.65874
0.0,60.0855,-39.2477,31.684499999999996
0.0,66.0215,-45.2234,22.4271
0.0,70.8562,-44.1458,16.5286
0.0,68.1712,-49.9058,13.9332
0.0,73.5005,-46.023300000000006,6.58732
0.0,72.7278,-48.169200000000004,1.4135199999999999
0.0,67.1777,-51.093199999999996,-15.5119
0.0,60.010099999999994,-46.0856,-29.2256
0.0,52.403,-40.0411,-38.4514
0.0,56.8798,-35.1126,35.177800000000005
0.0,56.851,-38.2866,34.1478
0.0,71.24289999999999,-47.9803,9.9148
0.0,73.6742,-45.650299999999994,-7.13089
0.0,59.644999999999996,-50.9766,-26.3677
0.0,68.83290000000001,-42.3604,21.511
0.0,72.5274,-41.545899999999996,16.3391
0.0,73.5562,-43.5033,11.4741
0.0,73.9005,-44.094800000000006,9.36461
0.0,67.1943,-48.3468,-18.6455
0.0,65.3291,-47.6509,-22.017599999999998
0.0,68.761,-40.3107,-23.4677
0.0,56.238499999999995,-41.810399999999994,-35.256
0.0,61.2806,-31.4623,33.6898
0.0,65.3784,-36.7284,28.6341
0.0,63.9985,-39.9208,28.2919
0.0,67.8463,-40.5989,23.978099999999998
0.0,74.0368,-46.3039,-0.30575600000000003
0.0,73.6778,-44.0752,-10.5424
0.0,54.9382,-40.1643,-36.8573
0.0,55.5753,-30.144000000000002,37.043800000000005
0.0,65.68939999999999,-34.6163,29.379099999999998
0.0,72.4481,-40.955,17.198999999999998
0.0,75.9082,-40.0534,10.4471
0.0,79.15369999999999,-37.3583,1.91821
0.0,74.1349,-39.5607,-15.898200000000001
0.0,72.6796,-39.4345,-18.5444
0.0,67.3159,-34.4307,-28.774
0.0,53.9269,-35.7016,-39.195
0.0,70.8497,-35.8195,23.449
0.0,71.81479999999999,-38.3221,20.4908
0.0,77.7384,-38.2211,-7.8582600000000005
0.0,76.602,-40.735800000000005,-7.081869999999999
0.0,52.7815,-34.4492,-40.4207
0.0,75.1768,-40.457,-12.226
0.0,74.13029999999999,-34.0694,-21.0272
0.0,63.3707,-35.1641,-32.0349
0.0,52.980399999999996,-28.7361,-41.7263
0.0,55.270199999999996,-23.0948,38.3872
0.0,56.0313,-26.201900000000002,37.55
0.0,62.2343,-27.874,33.704100000000004
0.0,67.4476,-29.6274,29.4
0.0,76.49409999999999,-36.0685,14.2121
0.0,70.4465,-36.5314,-24.0715
0.0,68.4038,-36.6704,-26.367
0.0,63.5916,-30.3985,-33.9636
0.0,61.5983,-26.754199999999997,34.32
0.0,60.713,-29.249399999999998,34.4784
0.0,71.4222,-30.6754,25.246199999999998
0.0,78.0961,-36.9716,-9.21626
0.0,67.5907,-25.377299999999998,30.321
0.0,72.5321,-26.6589,25.3268
0.0,77.1187,-34.6292,-14.7738
0.0,52.964999999999996,-34.016600000000004,-40.4514
0.0,54.6631,-25.6571,-41.517199999999995
0.0,69.4,-27.509999999999998,28.16
0.0,80.7095,-33.0572,-4.91618
0.0,79.7307,-31.292599999999997,-11.852500000000001
0.0,73.217,-26.017100000000003,-26.546699999999998
0.0,65.5916,-27.729,-33.258500000000005
0.0,57.645500000000006,-25.1521,36.8874
0.0,61.3341,-23.898300000000003,34.999
0.0,76.5717,-30.676499999999997,18.4204
0.0,79.6366,-33.6507,9.83341
0.0,81.11,-32.754400000000004,2.00063
0.0,81.4952,-28.0582,-10.525500000000001
0.0,75.6359,-31.411300000000004,-20.283700000000003
0.0,65.8855,-26.2864,-33.5212
0.0,55.5595,-20.943099999999998,-42.0267
0.0,83.3976,-23.052400000000002,-8.52163
0.0,80.2499,-27.3445,-14.51
0.0,73.1093,-32.0636,-23.662
0.0,68.5751,-26.599600000000002,-31.144399999999997
0.0,69.4101,-22.7863,-31.600700000000003
0.0,62.70199999999999,-21.589199999999998,-37.364599999999996
0.0,60.9741,-24.7255,-37.7747
0.0,63.8745,-19.1515,34.1274
0.0,68.4944,-22.7837,30.078799999999998
0.0,81.24629999999999,-28.4069,9.88463
0.0,82.85629999999999,-27.7092,2.3350400000000002
0.0,84.46249999999999,-18.3616,-8.61392
0.0,80.6653,-22.1476,-16.7872
0.0,58.9058,-16.0241,-40.8238
0.0,57.887,-15.1949,38.2414
0.0,60.038599999999995,-13.842500000000001,37.3314
0.0,62.270199999999996,-13.8836,35.991
0.0,70.3715,-16.8419,29.2643
0.0,74.18950000000001,-18.526899999999998,25.258599999999998
0.0,76.612,-25.298299999999998,20.8175
0.0,77.219,-25.3446,19.8998
0.0,79.3567,-29.016900000000003,14.7346
0.0,82.90889999999999,-22.5471,9.46691
0.0,82.4739,-24.829,8.965570000000001
0.0,82.1987,-18.1205,-15.3886
0.0,79.5636,-21.0404,-19.3965
0.0,76.9394,-17.3503,-24.4487
0.0,75.1913,-20.3292,-25.8818
0.0,70.4238,-19.493199999999998,-31.388899999999996
0.0,67.4354,-15.7472,31.897799999999997
0.0,83.65209999999999,-25.8181,0.5358710000000001
0.0,84.94709999999999,-18.6881,-5.3423799999999995
0.0,77.757,-21.0239,-22.3765
0.0,73.6615,-15.0499,-28.665599999999998
0.0,68.4861,-14.4498,-33.8046
0.0,66.4802,-17.7723,-35.0549
0.0,63.003299999999996,-17.622,-37.8271
0.0,56.141200000000005,-14.9643,-42.399
0.0,62.4993,-11.360800000000001,36.240700000000004
0.0,77.0607,-18.253700000000002,21.8397
0.0,80.4018,-15.940900000000001,17.372100000000003
0.0,80.9012,-21.031399999999998,15.0847
0.0,85.88329999999999,-15.906099999999999,-0.780503
0.0,85.635,-14.8936,-5.478280000000001
0.0,84.7553,-15.0161,-9.35978
0.0,82.4285,-11.6103,-16.903200000000002
0.0,78.90610000000001,-14.838000000000001,-22.085
0.0,70.1511,-12.3004,-32.069
0.0,60.5805,-11.8308,-39.6288
0.0,56.7879,-12.186,-42.055
0.0,61.736,-8.823920000000001,37.1226
0.0,66.64670000000001,-7.74215,33.5759
0.0,71.7523,-16.064,28.116
0.0,83.8739,-10.7326,12.2303
0.0,84.5672,-17.133,7.21027
0.0,86.833,-8.45851,-1.45803
0.0,84.0587,-12.6373,-12.6216
0.0,79.78659999999999,-10.050699999999999,-21.2332
0.0,65.478,-11.7995,-36.003800000000005
0.0,57.925,-10.1584,-41.237700000000004
0.0,54.7595,-11.1411,-43.119499999999995
0.0,57.5458,-7.905540000000001,39.6597
0.0,75.27069999999999,-13.207,24.6625
0.0,81.02199999999999,-7.207599999999999,18.0237
0.0,83.4243,-7.27472,13.8977
0.0,86.0064,-10.1591,5.43673
0.0,74.1657,-8.38814,-27.9369
0.0,52.252,-7.400580000000001,-44.2858
0.0,61.5186,-7.52337,37.397600000000004
0.0,66.9314,-7.08503,33.2623
0.0,70.37100000000001,-8.90906,30.1418
0.0,79.4749,-7.574,20.0489
0.0,85.83970000000001,-14.8657,-5.1933300000000004
0.0,85.52289999999999,-7.29258,-9.92759
0.0,84.4447,-6.29931,-13.080400000000001
0.0,82.1682,-9.94974,-17.3556
0.0,75.2804,-6.7294599999999996,-26.5965
0.0,72.47000000000001,-9.85,-29.65
0.0,67.93490000000001,-8.09697,-33.6261
0.0,65.1259,-6.1619600000000005,-35.632
0.0,61.631499999999996,-10.0968,-38.8097
0.0,57.914100000000005,-5.03474,39.6995
0.0,84.3,-8.39,11.639999999999999
0.0,86.7166,-8.50948,2.0585199999999997
0.0,78.49849999999999,-5.99771,-22.7914
0.0,74.4584,-4.72356,-27.279899999999998
0.0,69.0906,-5.79753,-32.2828
0.0,57.7316,-4.62668,-40.659800000000004
0.0,63.8112,-1.4063299999999999,36.2119
0.0,63.823299999999996,-4.82183,36.0021
0.0,70.09849999999999,-7.04632,30.4483
0.0,82.6229,0.872411,16.7595
0.0,86.4846,-1.25018,7.7022200000000005
0.0,86.7114,-2.64169,6.30844
0.0,86.55799999999999,-6.44348,-5.4964
0.0,80.19500000000001,-2.60752,-20.453200000000002
0.0,69.9072,-5.70243,-31.5579
0.0,53.712500000000006,-3.77997,-43.0398
0.0,57.3184,-3.3423200000000004,40.154799999999994
0.0,67.50789999999999,-0.31821,33.0538
0.0,78.2098,-3.7967600000000004,22.0144
0.0,85.6763,3.41635,11.354
0.0,87.0605,-3.96908,3.48089
0.0,86.15259999999999,0.284963,-9.29323
0.0,75.0561,-2.52886,-26.162100000000002
0.0,69.9458,-0.387614,-30.5542
0.0,74.582,-4.787310000000001,25.8336
0.0,84.4793,5.476100000000001,14.175
0.0,83.5931,0.279946,-15.0123
0.0,76.3898,0.15948199999999998,-24.4085
0.0,67.59859999999999,0.024922999999999997,-32.3584
0.0,65.1511,0.755308,-34.1511
0.0,88.15050000000001,8.89732,3.44516
0.0,88.02029999999999,5.1674,-0.7363219999999999
0.0,69.6716,1.30727,-30.307199999999998
0.0,60.2207,-0.15491100000000002,-38.0801
0.0,59.6743,-3.1705200000000002,-39.082300000000004
0.0,62.5108,0.896971,37.081500000000005
0.0,71.33399999999999,1.76077,29.1595
0.0,76.80760000000001,0.673451,23.733400000000003
0.0,87.00059999999999,4.5677900000000005,-7.0260299999999996
0.0,59.721999999999994,1.84661,-37.951100000000004
0.0,54.7432,2.1679500000000003,-41.3052
0.0,54.632,1.07721,-41.595
0.0,61.5481,5.07042,37.4711
0.0,71.26689999999999,5.24555,29.1913
0.0,81.46979999999999,2.02263,18.524700000000003
0.0,81.8987,6.71366,18.0133
0.0,87.532,7.78428,6.2893
0.0,84.4757,3.54007,-13.323599999999999
0.0,77.72579999999999,4.97616,-22.191200000000002
0.0,64.5101,4.16304,-33.7359
0.0,78.9564,3.45949,21.647799999999997
0.0,87.6331,11.6424,-5.52244
0.0,86.6971,7.62539,-8.61877
0.0,80.44229999999999,-2.72923,-20.0456
0.0,73.49459999999999,8.68613,-25.406000000000002
0.0,71.9626,4.2781199999999995,-27.6907
0.0,60.193400000000004,4.99947,-36.811
0.0,67.324,3.15072,33.0257
0.0,80.13080000000001,7.29253,20.168499999999998
0.0,76.6819,11.3517,-22.1724
0.0,67.4328,6.36513,-30.8266
0.0,57.6544,2.84775,-39.2083
0.0,57.3832,6.64105,40.0647
0.0,87.74270000000001,13.615,-4.0072
0.0,82.4537,8.3421,-15.964099999999998
0.0,79.79690000000001,12.604199999999999,-18.8503
0.0,55.983900000000006,12.9962,-37.811699999999995
0.0,54.2005,9.76576,-39.9077
0.0,62.7608,6.43894,36.5469
0.0,67.2428,7.09741,32.825199999999995
0.0,70.81479999999999,13.1895,29.3702
0.0,75.1627,13.6446,25.2049
0.0,83.6437,17.7503,12.9417
0.0,85.9747,11.8069,9.83234
0.0,87.68249999999999,12.0153,4.62033
0.0,88.0792,14.949,-1.20532
0.0,70.1288,9.81919,-27.8095
0.0,67.13130000000001,9.74273,-30.101599999999998
0.0,56.796,7.83493,-38.5588
0.0,56.720800000000004,10.696000000000002,40.3216
0.0,69.3502,14.2349,30.6231
0.0,78.11540000000001,12.4088,22.1207
0.0,87.4587,17.275599999999997,-0.0147062
0.0,85.5043,17.7296,-8.92359
0.0,63.054899999999996,11.5719,-32.7036
0.0,67.9109,16.784299999999998,31.697500000000005
0.0,83.5811,20.508200000000002,11.477599999999999
0.0,86.6492,18.3248,4.53705
0.0,84.09270000000001,17.300800000000002,-11.0228
0.0,74.8824,14.51,-23.0537
0.0,69.61349999999999,13.7216,-27.058
0.0,54.5791,15.163599999999999,41.4364
0.0,74.9695,22.096700000000002,24.0621
0.0,77.71079999999999,16.5362,21.89
0.0,80.7091,16.4896,17.9312
0.0,73.4456,16.6385,-23.5833
0.0,65.5176,18.3572,-28.5253
0.0,57.8142,14.3772,-36.0412
0.0,52.46,12.38,-40.410000000000004
0.0,62.82889999999999,19.124,35.6536
0.0,72.3646,24.6311,26.2783
0.0,79.7013,24.1962,16.7309
0.0,81.3416,25.2883,12.845
0.0,85.4129,21.3925,4.82709
0.0,84.8043,22.285,-5.703309999999999
0.0,78.6695,18.3036,-19.0972
0.0,62.5812,17.1465,-31.316999999999997
0.0,60.6415,16.1964,-33.238499999999995
0.0,54.1783,14.9426,-38.587700000000005
0.0,57.3074,15.3207,39.793299999999995
0.0,60.535,17.6782,37.483599999999996
0.0,69.92660000000001,21.1752,29.3343
0.0,79.8995,23.517,16.4007
0.0,76.21419999999999,21.4693,-20.2547
0.0,76.7306,16.5705,-21.264499999999998
0.0,67.7088,20.3415,-26.319599999999998
0.0,65.3914,21.636400000000002,-27.5872
0.0,51.9512,24.9651,-37.6598
0.0,54.4998,20.0968,-37.007400000000004
0.0,60.268,21.5867,37.2677
0.0,69.1404,23.2454,29.6969
0.0,78.5998,27.615199999999998,16.528399999999998
0.0,80.5187,26.217299999999998,13.6137
0.0,80.9604,31.6956,-2.8795100000000002
0.0,79.6215,19.241,-17.905399999999997
0.0,68.48310000000001,23.9424,-24.7107
0.0,62.74720000000001,18.9416,-30.5846
0.0,67.0938,24.670399999999997,31.324499999999997
0.0,72.5592,26.5435,25.2733
0.0,77.6021,27.282500000000002,18.603499999999997
0.0,83.6999,24.8962,6.53511
0.0,85.36680000000001,22.5542,2.42093
0.0,85.3211,22.7715,0.33559300000000003
0.0,82.9346,25.1855,-7.36589
0.0,79.9626,25.5139,-13.7017
0.0,63.2307,21.4124,-29.4052
0.0,71.0081,28.3195,26.4174
0.0,64.4888,23.335600000000003,-27.8022
0.0,80.0766,31.7637,9.00267
0.0,79.9432,29.1871,-10.2922
0.0,78.5555,28.2089,-13.612400000000001
0.0,78.4652,22.273600000000002,-18.024700000000003
0.0,67.55659999999999,26.851,-24.402
0.0,51.671099999999996,21.5978,-38.6872
0.0,53.6634,27.7425,40.6063
0.0,74.8755,32.54,19.473
0.0,78.0179,38.0499,-1.22075
0.0,79.1838,35.5888,-2.2672
0.0,74.718,30.841299999999997,-16.641
0.0,71.7745,31.5831,-19.119799999999998
0.0,67.5842,29.6978,-23.415
0.0,57.35380000000001,25.778,-33.0529
0.0,56.5352,23.1326,39.599799999999995
0.0,78.6896,34.300200000000004,9.728250000000001
0.0,78.7776,36.474,3.37589
0.0,79.13050000000001,34.570499999999996,-4.78979
0.0,79.1815,32.675999999999995,-7.8464599999999995
0.0,66.93109999999999,32.2753,-22.9578
0.0,63.4393,24.4254,-28.3137
0.0,61.6413,24.654,35.8933
0.0,74.51570000000001,40.5666,12.527099999999999
0.0,74.0514,33.5843,-15.5761
0.0,61.5635,31.7492,-27.6583
0.0,53.5245,28.964899999999997,-35.3151
0.0,54.1595,27.8673,-35.110299999999995
0.0,52.841100000000004,26.9625,-36.4331
0.0,49.369099999999996,24.9175,-39.3222
0.0,76.3616,34.3502,-11.8365
0.0,57.8688,34.492599999999996,-29.887400000000003
0.0,60.3112,31.8927,-28.6642
0.0,51.8533,25.6458,-37.5153
0.0,57.844500000000004,24.9485,38.5831
0.0,75.3663,41.9678,-3.9576100000000003
0.0,75.1793,40.721199999999996,-6.74794
0.0,72.9489,41.7896,-10.5055
0.0,72.4221,40.0458,-12.961
0.0,68.56320000000001,36.6856,-19.5344
0.0,54.6624,37.7059,-31.502200000000002
0.0,55.081900000000005,31.5685,-33.2145
0.0,49.79,28.150000000000002,-38.14
0.0,63.843700000000005,35.557900000000004,30.7487
0.0,69.1862,34.2032,25.9873
0.0,76.2105,41.082,4.75003
0.0,66.3807,42.3412,-18.8645
0.0,66.4699,35.1856,-22.1682
0.0,56.3144,39.9304,-29.288600000000002
0.0,49.8083,30.255399999999998,-37.5039
0.0,55.967000000000006,31.320899999999998,38.278800000000004
0.0,71.18599999999999,39.374399999999994,20.0215
0.0,49.5134,32.009299999999996,-37.1422
0.0,59.817,31.122899999999998,35.8134
0.0,66.2964,43.963,-17.909299999999998
0.0,58.328199999999995,40.192400000000006,-27.434
0.0,53.2232,35.085,-33.5244
0.0,61.070100000000004,34.4234,33.7547
0.0,63.0143,35.54,31.686600000000002
0.0,64.9138,40.1224,27.2649
0.0,72.0101,40.5588,17.769299999999998
0.0,70.7838,44.863800000000005,15.159799999999999
0.0,63.31730000000001,50.1283,-17.1848
0.0,65.3274,45.147800000000004,-18.2961
0.0,61.7832,42.2417,-23.4171
0.0,50.3023,33.970800000000004,-36.016
0.0,55.621900000000004,38.6845,35.868700000000004
0.0,67.7079,40.1695,24.3128
0.0,73.1639,46.251,3.98935
0.0,72.8982,46.8455,0.979757
0.0,71.13980000000001,45.3921,-9.864650000000001
0.0,59.125499999999995,48.2538,-22.9985
0.0,54.3915,44.991499999999995,-28.991300000000003
0.0,53.555,39.5259,-31.7079
0.0,52.220000000000006,37.73,-33.349999999999994
0.0,48.485800000000005,37.401900000000005,-36.093199999999996
0.0,67.41239999999999,40.87,24.195999999999998
0.0,71.3065,47.5503,9.42675
0.0,66.0177,50.0743,-13.4682
0.0,52.3278,44.7093,-30.7365
0.0,51.236,40.6057,-33.0761
0.0,52.1995,38.7199,37.8545
0.0,67.584,53.7841,-2.51946
0.0,70.43480000000001,49.4272,-4.65617
0.0,66.0931,52.906099999999995,-9.783740000000002
0.0,63.7785,53.106300000000005,-13.6257
0.0,59.6496,50.176,-21.2931
0.0,49.211,40.169200000000004,-34.668200000000006
0.0,59.2197,40.497699999999995,32.329499999999996
0.0,58.9403,45.0121,29.693399999999997
0.0,64.3937,47.3014,22.399800000000003
0.0,68.4926,52.830299999999994,-2.28967
0.0,55.1882,49.0759,-26.2962
0.0,55.2228,46.1687,-27.6938
0.0,46.8793,40.821799999999996,-35.958999999999996
0.0,60.0177,40.8564,31.546900000000004
0.0,63.9643,50.2956,19.7914
0.0,68.2753,51.9147,9.133280000000001
0.0,67.9705,52.2986,8.58494
0.0,64.6691,55.9945,-7.14449
0.0,62.3807,56.6255,-11.2083
0.0,61.9133,53.9981,-15.5435
0.0,53.3027,48.325100000000006,-28.2881
0.0,47.5174,43.007799999999996,-34.7907
0.0,56.3479,48.296899999999994,29.5097
0.0,61.4998,46.983,25.9702
0.0,64.5291,52.2494,16.600199999999997
0.0,68.26089999999999,52.5721,7.025469999999999
0.0,63.8142,56.7955,9.03932
0.0,54.4639,50.4967,-26.1706
0.0,52.1496,48.2901,-29.2499
0.0,51.6458,46.986,-30.2454
0.0,49.1648,45.4828,-32.7111
0.0,48.2995,44.1591,37.373999999999995
0.0,50.431799999999996,44.9261,35.7432
0.0,51.500499999999995,46.277300000000004,34.2943
0.0,52.830799999999996,46.8837,33.028099999999995
0.0,52.6074,48.3932,32.1804
0.0,53.940000000000005,50.72,29.51
0.0,55.3716,51.299,27.9008
0.0,56.7946,52.1748,25.878600000000002
0.0,56.57,53.11,25.2
0.0,63.459199999999996,50.507999999999996,20.4923
0.0,58.4391,53.983000000000004,22.4081
0.0,62.3842,53.0447,18.7823
0.0,59.37,55.65,19.310000000000002
0.0,62.171,55.9266,14.6874
0.0,62.8021,57.0952,10.9407
0.0,64.2297,56.9634,7.065
0.0,62.7,58.71,6.14
0.0,65.4846,56.4735,2.1706
0.0,65.2026,56.708099999999995,-1.87069
0.0,64.6618,57.0916,-3.1777200000000003
0.0,62.55,58.54,-6.38
0.0,62.04,58.06999999999999,-9.090000000000002
0.0,58.8256,54.178700000000006,-19.2288
0.0,57.18,53.79,-21.41
0.0,56.7934,52.7469,-22.5699
0.0,55.5287,51.19,-24.807
0.0,47.440000000000005,45.13,-34.01
0.0,-43.132799999999996,-45.2093,-39.4056
0.0,-51.6422,-24.7391,-43.077
0.0,-49.4129,-11.6854,-46.9329
0.0,-57.5901,-2.62059,-43.8804
0.0,-55.3001,2.03234,-44.8252
0.0,-43.920300000000005,-38.288799999999995,-42.139500000000005
0.0,-51.4373,-21.930999999999997,-44.771699999999996
0.0,-52.3185,-11.993699999999999,-45.3939
0.0,-51.98,-4.67,-46.330000000000005
0.0,-51.2542,2.63409,-47.1356
0.0,-51.7747,18.586,-44.7892
0.0,-51.664300000000004,21.7879,-44.0489
0.0,-47.6493,30.7514,-43.3039
0.0,-45.722,-30.453500000000002,-43.8692
0.0,-45.6431,-28.755200000000002,-45.4228
0.0,-49.8193,-23.394000000000002,-45.4692
0.0,-47.753,-17.7051,-47.1213
0.0,-49.105799999999995,-0.34695,-47.925799999999995
0.0,-52.2675,9.90814,-46.2289
0.0,-43.2712,47.373400000000004,-38.1938
0.0,-46.1947,-23.5915,-47.0869
0.0,-47.450399999999995,0.583762,-48.664
0.0,-46.6262,21.613,-46.2971
0.0,-48.743700000000004,25.8354,-44.2729
0.0,-46.1514,31.5948,-43.7155
0.0,-45.1549,41.09,-40.4862
0.0,-41.8812,-36.3728,-44.826699999999995
0.0,-43.203199999999995,-32.4855,-46.0729
0.0,-45.5374,-13.694899999999999,-48.0584
0.0,-45.8154,-3.60429,-49.1804
0.0,-49.4645,5.81815,-47.7432
0.0,-50.1974,14.3784,-46.5151
0.0,-40.9353,-32.382,-47.021
0.0,-41.289699999999996,-19.244,-48.8307
0.0,-42.7802,-15.3803,-48.6509
0.0,-44.8256,8.41526,-48.9704
0.0,-49.9625,16.3966,-46.154199999999996
0.0,-43.2697,24.229,-46.9053
0.0,-45.0749,37.2345,-42.1952
0.0,-37.6243,-44.2454,-43.4631
0.0,-40.294200000000004,-40.0617,-43.111999999999995
0.0,-44.6276,-6.83125,-49.5148
0.0,-40.7243,43.634600000000006,-41.2683
0.0,-37.839600000000004,46.9075,-40.8465
0.0,-36.1939,-46.4865,-43.5535
0.0,-44.2096,-28.1247,-46.193
0.0,-39.6689,-20.2578,-49.152
0.0,-40.9107,-3.82475,-51.1741
0.0,-43.223400000000005,16.531299999999998,-48.7425
0.0,-39.654300000000006,21.0272,-48.8673
0.0,-43.9486,27.868199999999998,-45.7157
0.0,-44.218399999999995,34.0667,-43.7718
0.0,-40.8122,36.377399999999994,-44.2326
0.0,-42.2237,41.1806,-41.8481
0.0,-30.8325,-44.4333,-44.5385
0.0,-35.0635,-18.0275,-52.009899999999995
0.0,-39.8167,-15.0376,-50.3402
0.0,-40.508500000000005,-10.9871,-50.844300000000004
0.0,-40.1824,-6.3267,-51.4686
0.0,-35.9528,46.0433,-41.9555
0.0,-31.339899999999997,-46.2478,-42.789
0.0,-31.845100000000002,-20.9932,-52.325900000000004
0.0,-41.408300000000004,3.25726,-50.801100000000005
0.0,-40.8736,6.51612,-50.7299
0.0,-36.974199999999996,31.0255,-47.2175
0.0,-37.6006,36.6479,-45.2894
0.0,-36.3164,42.7172,-43.403200000000005
0.0,-27.6464,-35.725699999999996,-49.1973
0.0,-30.238999999999997,-35.2693,-48.592200000000005
0.0,-34.9292,-33.8515,-47.1892
0.0,-36.598800000000004,-11.0068,-52.8183
0.0,-34.065900000000006,43.263799999999996,-43.8309
0.0,-33.257000000000005,-29.2801,-49.4272
0.0,-33.9,-24.130300000000002,-50.7317
0.0,-34.2697,-12.1484,-53.3774
0.0,-34.7277,-6.17693,-53.2768
0.0,-35.2254,-0.54585,-52.9831
0.0,-35.1615,0.363786,-52.897
0.0,-39.0493,18.9055,-49.589
0.0,-39.076899999999995,25.126800000000003,-48.124
0.0,-27.8822,-47.169000000000004,-43.3423
0.0,-30.1533,-20.5611,-53.183
0.0,-38.1004,8.657869999999999,-51.1802
0.0,-28.1319,-43.4969,-45.3191
0.0,-28.667499999999997,-30.2497,-50.5496
0.0,-27.4148,-22.5123,-53.4294
0.0,-31.2633,-9.888209999999999,-53.9953
0.0,-31.2108,4.586329999999999,-53.653
0.0,-35.1128,7.51593,-52.2694
0.0,-34.1067,11.59,-51.6432
0.0,-30.1653,45.561499999999995,-44.0117
0.0,-27.2603,-14.7751,-53.9142
0.0,-27.93,-11.7497,-54.244
0.0,-27.025299999999998,-1.2309700000000001,-55.08
0.0,-29.4635,0.332463,-54.398
0.0,-30.7962,13.4963,-52.7481
0.0,-24.9644,-36.3473,-48.749300000000005
0.0,-20.0074,-29.4897,-52.5237
0.0,-26.7628,24.537799999999997,-51.2548
0.0,-31.2627,32.3414,-48.3834
0.0,-26.0834,47.0007,-44.427
0.0,-24.8979,-44.9022,-45.676
0.0,-18.3474,-30.709400000000002,-51.8538
0.0,-24.841700000000003,-27.8197,-53.0298
0.0,-25.6189,-25.238699999999998,-53.278600000000004
0.0,-26.357200000000002,-15.8376,-53.8227
0.0,-28.443199999999997,7.855040000000001,-53.9745
0.0,-29.3213,15.3086,-53.2815
0.0,-29.6629,21.0174,-51.6386
0.0,-22.5384,-44.9076,-46.347100000000005
0.0,-23.244799999999998,-18.7856,-54.4379
0.0,-22.6509,-7.11625,-56.2509
0.0,-23.1511,3.85821,-55.383500000000005
0.0,-27.2309,16.135199999999998,-53.0375
0.0,-28.7211,36.7279,-47.746900000000004
0.0,-27.6363,40.414199999999994,-46.7539
0.0,-19.082700000000003,-47.120200000000004,-46.1196
0.0,-24.5462,-9.99893,-55.4036
0.0,-21.2014,-5.38802,-56.525800000000004
0.0,-21.9045,-1.25822,-56.1023
0.0,-28.968600000000002,8.954500000000001,-53.8354
0.0,-23.5836,15.3679,-52.8889
0.0,-28.3687,31.8094,-49.2035
0.0,-16.728900000000003,-49.1365,-45.6954
0.0,-10.910400000000001,-34.8794,-49.3639
0.0,-15.996099999999998,-39.0209,-48.2151
0.0,-15.9633,-33.2338,-50.396
0.0,-21.4057,-28.0586,-52.6828
0.0,-17.3453,-15.5178,-56.118500000000004
0.0,-17.6228,10.7863,-55.0851
0.0,-20.8804,43.511,-46.9424
0.0,-18.7611,52.2282,-43.3416
0.0,-18.8016,-32.0912,-51.0649
0.0,-16.373700000000003,-7.79746,-57.367399999999996
0.0,-18.05,-0.0115872,-56.4998
0.0,-21.2127,18.7581,-52.89810000000001
0.0,-18.9134,41.154,-48.145
0.0,-18.3236,45.2288,-46.7049
0.0,-20.2718,47.2346,-45.519
0.0,-11.4118,-41.5892,-47.269800000000004
0.0,-15.711800000000002,-44.4296,-46.8957
0.0,-13.299999999999999,-31.521100000000004,-51.765699999999995
0.0,-19.581,-13.0022,-56.8194
0.0,-18.6454,4.47585,-55.8753
0.0,-26.0178,33.1263,-49.355999999999995
0.0,-20.7338,27.575599999999998,-51.6089
0.0,-19.18,17.503899999999998,-53.6343
0.0,-14.8101,39.0715,-49.1804
0.0,-10.0768,-46.6943,-45.0485
0.0,-9.850940000000001,-36.5925,-48.5955
0.0,-13.2078,-28.1752,-52.7807
0.0,-12.2643,-23.705000000000002,-53.7353
0.0,-13.2704,-18.3374,-54.9005
0.0,-14.6402,-12.56,-57.3033
0.0,-12.829699999999999,5.50668,-56.229099999999995
0.0,-14.3986,6.35646,-56.0422
0.0,-14.9228,9.796710000000001,-55.5984
0.0,-14.1736,12.757100000000001,-55.3424
0.0,-15.4056,15.7653,-54.8335
0.0,-15.0281,20.933699999999998,-53.9745
0.0,-14.5798,28.6925,-51.9818
0.0,-16.8824,47.807900000000004,-45.8595
0.0,-10.631,-45.3613,-45.4604
0.0,-10.9051,-13.1257,-57.528299999999994
0.0,-15.5918,-4.16935,-57.179300000000005
0.0,-11.0306,-0.971414,-57.0219
0.0,-10.6242,17.485,-55.3602
0.0,-16.1203,18.2681,-54.333600000000004
0.0,-13.205400000000001,47.5671,-46.4109
0.0,-8.497879999999999,52.690599999999996,-44.4848
0.0,-6.7501,-45.332699999999996,-47.419799999999995
0.0,-9.424,-24.9915,-54.0035
0.0,-8.88651,-15.1228,-56.9292
0.0,-6.0777399999999995,-7.18694,-57.4552
0.0,-6.43002,13.600100000000001,-55.622
0.0,-9.170110000000001,39.843999999999994,-49.391600000000004
0.0,-7.54771,39.0778,-49.6656
0.0,-10.2028,44.9598,-47.631899999999995
0.0,-4.03918,-43.759899999999995,-50.6162
0.0,-8.620610000000001,-37.1142,-48.5036
0.0,-5.25485,-37.953399999999995,-52.571600000000004
0.0,-5.53167,-30.1265,-53.490700000000004
0.0,-5.44328,-21.6909,-55.7019
0.0,-7.30004,-17.514,-57.0981
0.0,-9.951780000000001,-6.62743,-57.5938
0.0,-8.96401,7.2961800000000006,-56.1453
0.0,-4.88521,18.3652,-54.9071
0.0,-9.4367,19.152099999999997,-55.3967
0.0,-8.78352,22.9343,-54.1145
0.0,-10.522,27.5265,-52.634100000000004
0.0,-8.35416,26.7338,-52.9276
0.0,-7.85486,31.8984,-51.5656
0.0,-5.43084,-15.6726,-57.5532
0.0,-5.574520000000001,-10.4405,-57.603500000000004
0.0,-0.93671,-45.6701,-49.9407
0.0,-6.321079999999999,47.4375,-46.9929
0.0,-2.48211,50.4471,-45.8922
0.0,-4.02686,-39.361399999999996,-52.720000000000006
0.0,-5.61228,12.5063,-55.6578
0.0,-4.37842,26.4866,-53.0645
0.0,-4.84235,43.8001,-48.3853
0.0,1.29302,-49.988200000000006,-47.2018
0.0,1.30691,-42.8115,-50.8437
0.0,-2.88617,-28.508200000000002,-54.308
0.0,-3.28794,-22.9487,-54.874399999999994
0.0,0.438219,-25.0137,-56.165800000000004
0.0,-1.1023800000000001,-2.23347,-56.5967
0.0,-3.51921,1.46237,-56.4804
0.0,3.0442899999999997,3.2264899999999996,-55.8849
0.0,2.94995,11.141,-55.2479
0.0,-1.57809,17.3846,-54.7707
0.0,-3.9401200000000003,22.764699999999998,-53.9345
0.0,-0.23629799999999998,36.7628,-50.5015
0.0,2.2955200000000002,37.142500000000005,-50.3431
0.0,2.54742,-36.261300000000006,-54.9341
0.0,0.301699,-15.816299999999998,-56.735099999999996
0.0,1.62568,-8.51268,-56.6842
0.0,1.99461,18.2346,-54.4307
0.0,0.218812,23.706000000000003,-53.5993
0.0,1.40268,42.2166,-48.8656
0.0,2.71523,45.0172,-47.8726
0.0,-1.806,50.3124,-45.841899999999995
0.0,2.27204,52.9827,-44.5189
0.0,3.21554,-52.2035,-46.2419
0.0,1.7889,-37.2536,-54.7774
0.0,-0.07301210000000001,-38.0601,-54.082
0.0,4.58819,10.0669,-55.2492
0.0,5.21828,49.5738,-45.9829
0.0,4.17644,-52.2588,-46.4009
0.0,6.1186799999999995,-40.2172,-50.6147
0.0,3.04922,0.8344550000000001,-56.074400000000004
0.0,4.84549,51.645,-45.0398
0.0,8.10249,-45.919000000000004,-47.105000000000004
0.0,3.39278,-14.7711,-56.7306
0.0,8.99103,10.7004,-54.9884
0.0,9.58173,11.980899999999998,-54.793
0.0,10.850800000000001,16.7779,-54.0922
0.0,9.09633,21.0916,-53.532999999999994
0.0,3.5507199999999997,23.452,-53.430400000000006
0.0,8.26174,24.9085,-52.8479
0.0,4.069780000000001,30.0082,-52.0755
0.0,4.84043,32.972500000000004,-51.307199999999995
0.0,8.74236,34.9346,-50.5529
0.0,10.3588,39.5736,-49.1659
0.0,9.534559999999999,43.7113,-47.9643
0.0,7.20799,47.310900000000004,-46.8074
0.0,6.68437,-34.3245,-53.912
0.0,8.41113,-22.7877,-54.8878
0.0,12.6096,-17.9013,-54.17
0.0,11.237300000000001,-4.40138,-56.3139
0.0,3.10643,-1.7318399999999998,-56.2815
0.0,8.056270000000001,-51.0715,-45.1395
0.0,9.70869,-43.788000000000004,-47.7821
0.0,9.214879999999999,-37.830000000000005,-51.2473
0.0,6.42351,-27.7663,-54.977
0.0,14.171100000000001,-22.0591,-53.294599999999996
0.0,5.84811,-12.868599999999999,-56.4411
0.0,9.48615,-9.410919999999999,-56.309900000000006
0.0,8.70454,-0.35504800000000003,-56.057500000000005
0.0,14.257900000000001,35.7654,-49.7904
0.0,8.64898,50.9967,-45.070699999999995
0.0,13.852,-15.4466,-54.4612
0.0,16.537,-11.602,-54.936699999999995
0.0,13.474699999999999,-4.83405,-56.211
0.0,17.8924,3.8921099999999997,-55.3342
0.0,15.1254,31.814099999999996,-50.6135
0.0,11.5548,41.0361,-48.5553
0.0,11.3656,47.1149,-46.4807
0.0,14.6989,-39.895199999999996,-48.9882
0.0,13.1658,15.911600000000002,-53.9529
0.0,18.3749,26.7462,-51.1647
0.0,10.5433,54.4753,-43.1941
0.0,14.2186,-42.1859,-47.255900000000004
0.0,12.724499999999999,-34.662600000000005,-52.4868
0.0,14.5641,-24.795399999999997,-53.2155
0.0,15.0714,-0.798622,-55.8618
0.0,14.5788,11.438600000000001,-54.6121
0.0,19.2902,11.6903,-54.1555
0.0,15.0747,17.1405,-53.500899999999994
0.0,10.0701,21.1247,-53.3914
0.0,16.4694,35.3771,-49.4938
0.0,12.9827,51.0532,-44.5411
0.0,11.7957,-49.8362,-46.9852
0.0,19.7278,-21.0067,-54.5128
0.0,20.7735,-7.49107,-54.7876
0.0,16.262800000000002,0.438059,-55.7008
0.0,18.6589,40.4641,-47.584799999999994
0.0,18.2126,-37.7082,-48.6486
0.0,20.676199999999998,-1.5202799999999999,-55.2601
0.0,21.514499999999998,7.118939999999999,-54.6282
0.0,19.9497,10.3522,-54.2999
0.0,23.0789,26.0596,-50.7053
0.0,18.9514,31.268499999999996,-50.1333
0.0,20.057,41.6005,-46.9365
0.0,16.249699999999997,45.7991,-46.1856
0.0,13.998099999999999,48.4847,-45.5464
0.0,16.217200000000002,-48.3279,-45.421299999999995
0.0,18.279500000000002,-40.3571,-46.7349
0.0,16.965700000000002,-27.7507,-53.4317
0.0,21.151699999999998,-23.124,-54.0491
0.0,23.349700000000002,10.8667,-53.778
0.0,21.1434,28.5665,-50.4044
0.0,16.235400000000002,51.601,-43.9564
0.0,15.779399999999999,54.4413,-42.4929
0.0,21.4674,-36.654399999999995,-48.0386
0.0,20.6385,-11.270900000000001,-54.438300000000005
0.0,20.1692,-33.0352,-50.7748
0.0,22.285,-18.1967,-54.4561
0.0,27.2688,6.8469999999999995,-53.752500000000005
0.0,25.4211,22.5184,-51.1451
0.0,24.582,29.1044,-49.6218
0.0,21.371000000000002,37.2427,-47.947700000000005
0.0,22.872,48.1551,-43.736999999999995
0.0,21.3682,50.0073,-43.350699999999996
0.0,20.5202,-48.955600000000004,-44.162
0.0,20.895899999999997,-47.0777,-45.1685
0.0,26.1724,-13.4591,-53.6845
0.0,25.4591,4.82153,-54.4013
0.0,27.8676,24.8198,-50.1427
0.0,23.7444,41.4794,-45.9204
0.0,23.5521,-37.7727,-46.2527
0.0,28.1756,-1.14111,-54.304199999999994
0.0,30.5461,6.80446,-52.9161
0.0,29.206200000000003,25.739600000000003,-49.4612
0.0,26.834500000000002,30.6459,-48.5376
0.0,26.5549,34.7793,-47.2365
0.0,22.410800000000002,-47.3932,-44.7612
0.0,27.3242,-47.3393,-42.9806
0.0,22.723,-36.8694,-48.079499999999996
0.0,27.127499999999998,-29.433500000000002,-52.316500000000005
0.0,28.96,-20.88,-52.89
0.0,28.95,22.899900000000002,-50.321400000000004
0.0,27.264799999999997,42.865899999999996,-44.3421
0.0,25.7585,48.1129,-42.906600000000005
0.0,30.6687,-32.3749,-47.3558
0.0,27.4911,-29.519199999999998,-52.479699999999994
0.0,29.008599999999998,-25.377299999999998,-52.9026
0.0,30.5803,-23.127499999999998,-52.675
0.0,28.7023,-9.04362,-53.8741
0.0,31.0941,19.5385,-50.339299999999994
0.0,32.8998,21.5477,-49.242000000000004
0.0,29.6727,34.2044,-46.3364
0.0,27.7215,46.7561,-42.8032
0.0,28.5127,-34.5971,-46.940799999999996
0.0,28.193099999999998,-13.5571,-53.152499999999996
0.0,30.9944,43.1584,-42.8964
0.0,27.404600000000002,-45.0308,-43.8795
0.0,32.4381,-44.3955,-43.6452
0.0,34.0936,-26.3667,-49.958000000000006
0.0,31.6521,-13.719800000000001,-52.7699
0.0,31.9464,-9.81636,-53.6808
0.0,33.8586,-0.7186929999999999,-52.9146
0.0,35.548,5.20245,-51.4327
0.0,34.0633,14.537700000000001,-50.3361
0.0,33.6192,21.9894,-48.7849
0.0,33.1956,31.7906,-45.7364
0.0,30.9952,47.449600000000004,-41.3849
0.0,32.080999999999996,-23.0551,-52.045500000000004
0.0,39.4964,-0.775694,-50.6485
0.0,33.588,17.685699999999997,-49.7789
0.0,35.8861,20.3195,-48.0377
0.0,33.9491,35.241099999999996,-44.244699999999995
0.0,35.7969,39.58,-42.1075
0.0,34.181599999999996,44.297999999999995,-41.2656
0.0,33.109399999999994,47.0883,-40.7059
0.0,34.1421,-38.930600000000005,-44.2877
0.0,35.8175,-20.0142,-50.805099999999996
0.0,36.535,-8.78732,-52.099399999999996
0.0,34.3606,-5.225709999999999,-53.1736
0.0,39.7555,-1.89032,-50.5901
0.0,39.391299999999994,3.56647,-50.0957
0.0,37.373799999999996,7.934429999999999,-50.2787
0.0,36.5824,29.598300000000002,-44.757
0.0,40.9703,-36.983799999999995,-45.534600000000005
0.0,36.2474,-30.2306,-46.3658
0.0,42.060599999999994,-11.8592,-49.314499999999995
0.0,38.6634,26.9828,-44.4088
0.0,41.3242,13.7991,-46.8851
0.0,40.7902,15.561200000000001,-46.682500000000005
0.0,38.6255,18.1208,-47.1516
0.0,41.173,24.602800000000002,-43.7075
0.0,41.949,36.791900000000005,-40.076100000000004
0.0,40.101699999999994,38.542,-40.4517
0.0,34.5199,50.9214,-38.6933
0.0,35.1196,-33.4945,-46.6687
0.0,44.044,-15.950099999999999,-47.9601
0.0,45.3567,8.89813,-45.7458
0.0,42.8512,12.3057,-46.3788
0.0,44.4683,20.9589,-42.9746
0.0,42.3332,24.0959,-43.2172
0.0,42.6346,31.843400000000003,-41.096399999999996
0.0,42.7332,33.9383,-40.486399999999996
0.0,39.310900000000004,43.7722,-39.1517
0.0,44.2358,-27.9422,-45.0249
0.0,39.823699999999995,-27.3504,-45.8429
0.0,42.338,-20.642,-47.620999999999995
0.0,46.6945,-18.9778,-46.355399999999996
0.0,43.5807,-5.320209999999999,-48.721399999999996
0.0,42.834900000000005,22.976699999999997,-43.2708
0.0,38.4148,-45.3444,-45.1869
0.0,45.7737,-41.5146,-41.4521
0.0,48.806599999999996,9.114930000000001,-43.5933
0.0,49.9024,16.871000000000002,-40.9657
0.0,47.8957,19.1135,-41.5904
0.0,47.9475,26.5608,-39.6913
0.0,45.1726,31.543799999999997,-39.8566
0.0,39.5778,-44.7593,-44.6385
0.0,48.019600000000004,-14.782399999999999,-46.3294
0.0,47.616899999999994,-9.76455,-46.7784
0.0,43.110299999999995,1.40224,-48.451
0.0,44.2813,2.78512,-47.6011
0.0,49.6562,13.6713,-41.9219
0.0,46.4111,30.9478,-39.343700000000005
0.0,44.3532,42.6852,-36.839
0.0,40.1501,44.8498,-38.332100000000004
0.0,45.2646,-32.081199999999995,-44.6825
0.0,48.1187,-11.523,-46.517700000000005
0.0,48.6614,2.1957999999999998,-45.0926
0.0,49.718199999999996,4.360799999999999,-44.051300000000005
0.0,49.755599999999994,19.0403,-40.5074
0.0,48.4015,26.0625,-39.5646
0.0,45.7356,35.539300000000004,-38.3592
0.0,43.18,44.67,-36.769999999999996
0.0,45.93,-45.29,-39.17
0.0,45.4305,-39.741699999999994,-42.4876
0.0,47.1158,-38.7996,-41.7905
0.0,48.32,-38.550000000000004,-41.15
0.0,44.5865,-35.471500000000006,-44.252399999999994
0.0,49.1966,-33.07,-42.4136
0.0,46.471199999999996,-28.5855,-44.952
0.0,46.2681,-26.1159,-45.6651
0.0,46.9861,-25.4052,-45.4576
0.0,51.43,-24.240000000000002,-43.54
0.0,51.0615,-22.0346,-44.1276
0.0,51.356100000000005,-20.7327,-44.1977
0.0,52.05,-19.849999999999998,-43.99
0.0,52.1096,-18.3884,-44.147
0.0,52.5573,-16.058699999999998,-44.144299999999994
0.0,49.5167,-8.96176,-45.8133
0.0,52.412800000000004,-5.46464,-44.0031
0.0,52.4268,7.2696000000000005,-41.6951
0.0,51.303000000000004,10.5451,-41.6355
0.0,52.4878,17.4997,-39.1077
0.0,47.5058,30.4127,-38.8506
0.0,43.7324,38.885999999999996,-38.4653
